,admiration,amusement,anger,annoyance,approval,caring,confusion,curiosity,desire,disappointment,disapproval,disgust,embarrassment,excitement,fear,gratitude,grief,joy,love,nervousness,optimism,pride,realization,relief,remorse,sadness,surprise
0,0.04010660487871904,0.0,0.0,0.0,0.17137816032538047,0.0,0.0,0.0,0.0,0.018935433947123013,0.0,0.0,0.0,0.0,0.0,0.0,0.0,0.0,0.0,0.0,0.04977148255476585,0.0,0.050679084773247056,0.0,0.0,0.0,0.0
1,0.11778991964628112,0.0,0.0,0.0,0.14703557963641184,0.0,0.00815850777446099,0.0,0.005284033293993968,0.01357129694155927,0.0,0.0,0.0,0.0,0.0,0.0,0.0,0.0,0.0,0.0,0.11282121741546774,0.00862201710916915,0.021522916712850896,0.0,0.0,0.0,0.0
2,0.07444892237695415,0.0,0.0,0.0,0.10043633988734042,0.0,0.0,0.0,0.0,0.011136620901943593,0.010130396050013852,0.0,0.0,0.010868027638853266,0.0,0.0,0.0,0.0,0.0,0.0,0.05748414457514045,0.0,0.058981337908948404,0.005794825178853581,0.0,0.0,0.0
3,0.10796277815440916,0.0,0.0,0.0,0.11248893839008403,0.0,0.0,0.0,0.0,0.04471352640187965,0.0,0.0,0.0,0.0,0.0,0.036227561392874086,0.0,0.0,0.0,0.0,0.0736723485982643,0.0,0.04913475434735136,0.013103724650616915,0.0,0.0,0.0
4,0.0302154984114305,0.0,0.0,0.0,0.14936767321712566,0.0,0.0,0.0,0.0,0.0,0.0,0.0,0.0,0.0,0.0,0.0,0.0,0.0,0.0,0.0,0.09110313541484329,0.0,0.03609548424774746,0.009313898266486402,0.0,0.0,0.0
5,0.07292218310911147,0.0,0.0,0.0,0.1602200829103345,0.0,0.004469160662322748,0.0,0.01285622305557376,0.0064411891288444646,0.009096230395504685,0.0,0.0,0.013860810975559423,0.0,0.0038419058088396416,0.0,0.009667306894161662,0.0,0.0,0.05150449666820588,0.0,0.05170100927352905,0.007558180416216616,0.0,0.0,0.003855954183906805
6,0.02123529027248251,0.0,0.0,0.0,0.1750078453072186,0.0,0.0,0.0,0.0,0.021360911428928375,0.003123431884009263,0.0,0.0,0.0,0.0,0.0,0.0,0.0,0.0,0.0,0.07628157555029311,0.0,0.04075944654900452,0.0,0.0,0.006646676310177507,0.0
7,0.0,0.0,0.0,0.0,0.05028721365061673,0.0,0.0,0.0,0.02067738337950273,0.0,0.018001178177920255,0.0,0.0,0.0,0.0,0.0,0.0,0.0,0.0,0.0,0.024865510246970438,0.0,0.01921527331525629,0.0,0.0,0.0,0.0
8,0.013015708018993509,0.0,0.0,0.0,0.058808902948360726,0.0,0.0,0.0,0.0016776167700443363,0.012650155081537556,0.0,0.0,0.0,0.0020761114035921144,0.0,0.0049036303764493595,0.0,0.0,0.0,0.0,0.03170366489828514,0.0,0.026070107233348152,0.0,0.0,0.0,0.0
9,0.014991379620736106,0.0,0.0,0.0,0.09458666673877783,0.0,0.0,0.0,0.0,0.0,0.0,0.0,0.0,0.0,0.0,0.0,0.0,0.0,0.0,0.0,0.09171205027061596,0.0,0.044742482796049955,0.0,0.0,0.0,0.0
10,0.041529275476932526,0.0,0.0,0.0,0.18798514331380525,0.0,0.0,0.0,0.0,0.0,0.0,0.0,0.0,0.0,0.0,0.0,0.0,0.0,0.0,0.0,0.0,0.0,0.0,0.0,0.0,0.0,0.0
11,0.010783141721849855,0.0,0.0,0.0,0.056103541151337,0.0,0.0,0.0,0.008333204233128092,0.007225833509279334,0.0,0.0,0.0,0.0,0.0,0.0,0.0,0.0,0.0,0.0,0.03668808807497439,0.0,0.05304263985675314,0.0,0.0,0.003565848197626031,0.0
12,0.02222058384917503,0.0,0.0,0.0,0.13568171720172084,0.0,0.008751528900723124,0.011455731336460558,0.007613778114318848,0.0,0.011411483897719272,0.0,0.0,0.0,0.004880214153334152,0.0,0.0,0.0,0.0,0.0,0.07431825406329576,0.0,0.05786128654036411,0.0,0.0,0.0,0.01064661976902984
13,0.00691068811076028,0.0,0.0,0.0,0.20328828213470324,0.012363870229039873,0.0,0.0,0.011094106095177787,0.0,0.0,0.0,0.0,0.01752224564552307,0.0,0.0,0.0,0.0,0.0,0.0,0.11450977197715215,0.006465281226805278,0.06121319532394409,0.0,0.0,0.0,0.0
14,0.015512470155954361,0.0,0.0,0.0,0.02519270032644272,0.00676661916077137,0.0,0.0,0.012060881902774176,0.031785412381092705,0.0,0.0,0.0,0.011667586863040924,0.0,0.008145594969391823,0.0,0.0,0.0,0.0,0.007428841665387154,0.0,0.0254963884751002,0.01142730563879013,0.0,0.0,0.0
15,0.02047493961668506,0.0,0.00923620241204488,0.0,0.13827989580704994,0.0,0.0,0.0,0.0,0.0,0.008309883555186163,0.0,0.0,0.0,0.0,0.0,0.0,0.0,0.0,0.0,0.05766546603330632,0.0,0.04727477419007685,0.0,0.0,0.0,0.0
16,0.018442631871611985,0.0,0.0,0.0,0.1517028190471508,0.0,0.0,0.0,0.022491477153919363,0.0,0.0,0.0,0.0,0.0,0.0,0.0,0.0,0.0,0.0,0.0,0.1467983838584688,0.0,0.04650926534776335,0.0,0.0,0.0,0.0
17,0.0352090366862037,0.0,0.0,0.0,0.11447061598300934,0.0,0.0,0.0,0.0,0.03395332666960629,0.0,0.0,0.0,0.0,0.0,0.0,0.0,0.0,0.0,0.0,0.05849011851982637,0.0,0.03530710596929897,0.0,0.0,0.0,0.0
18,0.024982346033831256,0.0,0.0,0.0,0.1294493563131455,0.0,0.0,0.0,0.019978568094586015,0.012509204378915489,0.0,0.0,0.0,0.0,0.0,0.0,0.0,0.0,0.0,0.0,0.06408228540639264,0.0,0.05398954437413347,0.0,0.0,0.0,0.0
19,0.021922325067098628,0.0,0.0,0.0,0.09747580517062825,0.0,0.0,0.0,0.0,0.015656383327357675,0.0,0.0,0.0,0.0,0.0,0.0,0.0,0.0,0.0,0.0,0.0424381231076151,0.0,0.022795350347434618,0.0,0.0,0.002072219855218961,0.0
20,0.0487934479472834,0.0,0.00754645712878726,0.011566460406014679,0.11387677039575139,0.0,0.0,0.0,0.0,0.00498172777508377,0.0,0.0,0.0,0.0,0.0,0.0,0.0,0.0,0.0,0.0,0.03853727644736614,0.0,0.02424362274484897,0.0,0.0,0.005809588169832842,0.0
21,0.06216224724495852,0.0,0.0,0.0,0.06780787971284655,0.0,0.0,0.009213179349899292,0.0,0.008000113897853427,0.0,0.0,0.0,0.0,0.0,0.006714360581503974,0.0,0.0,0.0,0.0,0.04501011001842993,0.0,0.0,0.0,0.0,0.0,0.0
22,0.045200086401817496,0.0,0.004970593560010867,0.0027461168461276175,0.1775928054537092,0.0,0.0,0.0,0.022832063131762625,0.009639894155631388,0.0,0.0,0.0,0.007381748436088849,0.0,0.03696576769190623,0.0,0.008053529307358247,0.0,0.0,0.10756807488606389,0.0,0.053864046819227976,0.0025883200473355173,0.0,0.0,0.0
23,0.013746785395073168,0.0,0.0,0.01421775510816863,0.11639288158127756,0.0,0.0,0.0,0.0,0.0,0.0,0.0,0.0,0.0,0.0,0.01511119802792867,0.0,0.0,0.0,0.0,0.036449972427252564,0.0,0.04991767532897718,0.0,0.0,0.0,0.0
24,0.008109570211834378,0.0,0.0,0.0,0.16247101094987657,0.0,0.0,0.0,0.012770360045962863,0.0,0.0,0.0,0.0,0.0,0.0,0.0,0.0,0.0,0.0,0.0,0.11095094879468283,0.0,0.046315819687313506,0.0,0.0,0.0,0.0
25,0.04050018868328613,0.0,0.0,0.009695452672463876,0.1162272294362386,0.005174807928226612,0.0,0.0,0.012055871663270172,0.012982554641770727,0.004732810052824609,0.0,0.0,0.0038125592249411123,0.0,0.0,0.0,0.0,0.0,0.0,0.11351000195668068,0.0,0.043878908510561344,0.0,0.0,0.0,0.0
26,0.03963371857683709,0.0,0.0,0.0,0.1371487672870041,0.002241288516538363,0.0,0.0,0.0028431011852643167,0.01933529867348096,0.004285757423292661,0.0,0.0,0.006985475408270004,0.0,0.012315092357337897,0.0,0.0024459769962527226,0.0,0.0,0.10865295081273883,0.01306476872018043,0.059459377265145594,0.004259174174450813,0.0,0.0,0.0
27,0.0,0.0,0.0,0.0,0.014671944081783295,0.0,0.0,0.0,0.0,0.0,0.0,0.0,0.0,0.04101326813300451,0.0,0.0,0.0,0.0,0.0,0.0,0.04121948033571243,0.0,0.02865178386370341,0.0,0.0,0.0,0.0
28,0.04921010322868824,0.0,0.0,0.0,0.27611402825762826,0.0,0.0,0.0,0.008836515868703524,0.0,0.0,0.0,0.0,0.0,0.0,0.0,0.0,0.0,0.0,0.0,0.07525854961325724,0.0,0.01035004792114099,0.0,0.0,0.0,0.0
29,0.010693884024056055,0.0,0.0,0.0,0.12902086716826244,0.0,0.010375112615605836,0.004528086672547043,0.0,0.0,0.0,0.0,0.0,0.0,0.0,0.0035029284415706513,0.0,0.0,0.0,0.0,0.03693799081669059,0.0,0.033414760584472326,0.0,0.00998710496451265,0.0,0.0
30,0.07863476725875354,0.0,0.0,0.0,0.0928834300549304,0.007405947466365626,0.0,0.0,0.011683220746087247,0.0,0.0,0.0,0.0,0.010844325433011915,0.0,0.0,0.0,0.0,0.0,0.0,0.045748319293631885,0.0,0.014008635380229012,0.0,0.0,0.0,0.0
31,0.02914464679257623,0.0,0.0,0.0,0.11007617927830794,0.0,0.0,0.0,0.0,0.05290092630632993,0.013463147755326896,0.0,0.0,0.0,0.0,0.0,0.0,0.0,0.0,0.0,0.12705705289182992,0.0,0.057479677529170596,0.010508532154149023,0.0,0.0,0.0
32,0.013954870486527347,0.0,0.0,0.0,0.1244159953647785,0.002040157492241163,0.0,0.0,0.004229405287946208,0.011927345160687908,0.002809704689497358,0.0,0.0,0.0,0.0,0.0,0.0,0.0,0.0,0.0,0.05984925537296895,0.0,0.021237631527225624,0.0,0.0,0.0,0.0
33,0.03328379585462458,0.0,0.0,0.005149869708453908,0.09930759896250332,0.0,0.005806367537554573,0.004757102447397569,0.008320460775319267,0.01756382619633394,0.008801257610321045,0.0,0.0,0.0,0.0,0.002868091008242439,0.0,0.005829760958166684,0.0,0.0,0.08030213240314932,0.0,0.056913094660815074,0.0032626783146577723,0.0,0.002236958987572614,0.0
34,0.034853432515654904,0.0,0.0,0.0,0.1349383583574584,0.0085283409465443,0.0,0.0,0.016507708966129957,0.003121277599623709,0.0180199450314647,0.0,0.0,0.0,0.0,0.0,0.0,0.0,0.0,0.0,0.10629287482512118,0.0,0.07976987536507424,0.0,0.0,0.0,0.0
35,0.011030395241344677,0.0,0.006837118636159336,0.0,0.07998594269156456,0.0,0.0,0.0,0.004347537370289073,0.006531193414155175,0.0,0.0,0.0,0.0,0.0,0.0,0.0,0.0,0.0,0.0,0.03910216360407717,0.0,0.07594664153807304,0.0,0.0,0.0,0.0
36,0.03300091528123425,0.0,0.0,0.0,0.08503352922777976,0.0,0.0,0.0,0.0141192453522836,0.006797506924598447,0.0,0.0,0.0,0.0,0.0,0.013129131447884345,0.0,0.0,0.0,0.0,0.06747278138514488,0.0,0.025151946852284092,0.0,0.0,0.0,0.0
37,0.0,0.0,0.0,0.0,0.30097387358546257,0.0,0.0,0.0,0.016404414815562113,0.007758308734212603,0.0,0.0,0.0,0.0,0.0,0.0,0.0,0.0,0.0,0.0,0.06301969875182424,0.0,0.03785523719021252,0.0,0.0,0.0,0.0
38,0.0,0.0,0.0,0.01612531035034745,0.03937576159282967,0.0,0.0,0.0,0.0,0.03462927760901274,0.013115034059241967,0.0,0.0,0.0,0.0,0.0,0.0,0.0,0.0,0.0,0.056365161582275676,0.0,0.10386280825844517,0.0,0.0,0.006947325887503447,0.0
39,0.0,0.0,0.0,0.0,0.12295316364250931,0.0,0.0,0.0,0.01909093880185894,0.018927634931078144,0.0,0.0,0.0,0.0,0.0,0.0,0.0,0.018003750081155814,0.0,0.0,0.10849435481370664,0.0,0.0,0.0,0.0,0.0,0.0
40,0.013840916100889444,0.0,0.0,0.0,0.07944687036797404,0.0,0.0,0.0,0.009590338605145613,0.018764561352630455,0.004971981669465701,0.0,0.0,0.0,0.0,0.005189965479075909,0.0,0.0,0.0,0.0,0.03469354659318924,0.002772316957513491,0.03224363752330343,0.0,0.0,0.0033043716102838516,0.0
41,0.003955180552896001,0.0,0.0,0.0042139759902790385,0.0607244652484108,0.0,0.010790662704107588,0.0,0.0037941658957321754,0.026836858414785034,0.006704880700090924,0.0,0.0,0.0019415341989165212,0.0,0.004264934891794884,0.0,0.0,0.0,0.0,0.025420784438628496,0.0,0.02926852570071241,0.0,0.0,0.0035645294087127554,0.0
42,0.04549300349675692,0.0,0.0,0.0,0.11884057796918429,0.0,0.0,0.0,0.01315061220755944,0.011382745779477633,0.022844527317927434,0.0,0.0,0.0,0.0,0.015359192628126878,0.0,0.0,0.0,0.0,0.05901201504927415,0.0,0.02931031630589412,0.0,0.0,0.0,0.0
43,0.04967019228792902,0.0,0.0,0.0,0.15516119661615857,0.0,0.0,0.0,0.0,0.0,0.0,0.0,0.0,0.0,0.0,0.0,0.0,0.0,0.0,0.0,0.10665777725959892,0.0,0.024655544490956548,0.0,0.0,0.0,0.0
44,0.0,0.0,0.0,0.0,0.07008815510198474,0.0,0.0,0.0,0.004506187047809362,0.036756429355591536,0.0,0.0,0.0,0.0,0.0067710354924201965,0.019331988412886858,0.0,0.013217376079410315,0.0,0.0,0.054414727026596665,0.0,0.07487026019953191,0.0,0.0,0.0,0.0
45,0.04255796611309051,0.0,0.0,0.0031765684485435485,0.11429463475942611,0.0,0.0,0.0,0.004876216650009155,0.012916175127029418,0.0,0.0,0.0,0.0,0.0,0.008258744478225707,0.0,0.009830636382102966,0.0,0.0,0.08452030420303344,0.0,0.013572654128074646,0.004567932188510895,0.0,0.0,0.0
46,0.05300550434574391,0.0,0.0,0.0,0.1615961878179754,0.005225283732204317,0.002470097264403817,0.0,0.015344390329324975,0.015055804694973448,0.0,0.0,0.0,0.003931003546564834,0.0,0.002132364976331123,0.0,0.0,0.0,0.0,0.08777013927135828,0.0,0.0762035275030436,0.0027638499466878064,0.0,0.0,0.0
47,0.01446231724559397,0.0,0.0,0.0,0.10303972553515779,0.0,0.0,0.0,0.012011261953823809,0.01403888930445132,0.006558692109757575,0.0,0.0,0.0,0.0,0.0,0.0,0.0,0.0,0.0,0.06655393821605737,0.0,0.017592378716537918,0.0,0.0,0.009089680685513262,0.0
48,0.01568007469177246,0.0,0.0,0.0,0.13059138444562754,0.003832520917057991,0.0,0.0,0.0,0.0035950932651758194,0.0,0.0,0.0,0.010113791873057684,0.0,0.0,0.0,0.0,0.0,0.0,0.10038689679155748,0.0,0.03749002671490113,0.0,0.0,0.0,0.0
49,0.0,0.0,0.0,0.0,0.15141443411509195,0.0,0.0,0.0,0.009818206940378462,0.01800474382582165,0.009303519413584755,0.0,0.0,0.0,0.0,0.0,0.0,0.0,0.0,0.0,0.0735785620553153,0.0,0.021586367062159946,0.0,0.0,0.0,0.0
50,0.0816153883934021,0.0,0.0,0.0,0.16635012413774217,0.0,0.0,0.0,0.02713977439062936,0.0,0.0,0.0,0.0,0.0,0.0,0.017373588468347276,0.0,0.0,0.0,0.0,0.10792066156864166,0.0,0.07144801637956075,0.0,0.0,0.0,0.0
51,0.018884952444779245,0.0,0.0,0.0,0.14355872932233307,0.0,0.0,0.0,0.004567287783873709,0.01760326341578835,0.0,0.0,0.0,0.020669922703190853,0.0,0.0,0.0,0.0,0.0,0.0,0.12961038225575497,0.0,0.10257554587564971,0.0,0.0,0.0,0.0
52,0.014736405533293018,0.0,0.0,0.006956627835398135,0.1819247081875801,0.0,0.0,0.0,0.007977409531240877,0.004716200673061869,0.0,0.0,0.0,0.010670703390370245,0.0,0.0,0.0,0.0,0.0,0.0,0.08744930864676186,0.0,0.02881096141493839,0.0,0.0,0.0,0.0
53,0.02996321388932525,0.0,0.0,0.0,0.09692851490661746,0.0040652160761786285,0.0,0.0,0.0,0.006580509123254995,0.02552737320055727,0.0,0.0,0.0,0.0,0.006270927972480899,0.0,0.0,0.0,0.0,0.03577696568653232,0.0,0.04673851489043627,0.0,0.0,0.0,0.007837373702252497
54,0.04864139703736789,0.0,0.0,0.0,0.0999093407738036,0.0028067425541255784,0.0,0.0,0.02403912293738213,0.02684757199840269,0.0028905464687209196,0.0,0.0,0.004794606264086737,0.0,0.006124473136404286,0.0,0.006990513075952945,0.0,0.0,0.07125566597434058,0.006656382394873578,0.0390251162259475,0.0,0.0,0.0,0.0
55,0.01326447498230707,0.0,0.008856445834750221,0.0,0.09493006212370736,0.0,0.0,0.0,0.005728136925470261,0.022503265596571422,0.005299568743932815,0.0,0.0,0.0066075960795084635,0.0,0.0,0.0,0.0,0.0,0.0,0.07827655162130083,0.007964912482670375,0.05775967353866214,0.0,0.0,0.0,0.0
56,0.03728825286511452,0.0,0.0,0.0,0.07577452736516152,0.0,0.0,0.0,0.018372776046875986,0.016479324909948533,0.0,0.0,0.0,0.0,0.0,0.0,0.0,0.0,0.0,0.0,0.005723192807166807,0.0,0.02595596832613791,0.0,0.0,0.0,0.0
57,0.012908945083618164,0.0,0.0,0.0,0.09703150192896524,0.020351510445276895,0.0,0.0,0.007068316141764323,0.015585447549819947,0.0,0.0,0.0,0.0,0.0,0.013283059597015381,0.0,0.0,0.0,0.0,0.07871728936831156,0.0,0.04905126253763835,0.0,0.0,0.0,0.0
58,0.007957391738891602,0.0,0.0,0.014785799026489257,0.03482222032546997,0.011983924388885498,0.0034472277164459227,0.0,0.0024856047630310058,0.01557895302772522,0.006781278610229492,0.0,0.0,0.007853062629699707,0.0,0.0,0.0,0.0,0.0,0.0,0.01069567060470581,0.0,0.005841246604919434,0.0,0.0,0.0,0.0
59,0.0,0.0,0.0,0.0,0.04736871941614959,0.013650682012913591,0.0071905093677973346,0.0,0.0,0.030571245035882724,0.006865940861782785,0.0,0.0,0.0,0.0,0.0,0.0,0.0,0.0,0.0,0.0,0.0,0.0333042291261382,0.0,0.0,0.0,0.0
60,0.02928812358215565,0.0,0.0,0.0,0.20902905891869814,0.0,0.0,0.0,0.007200291138568907,0.03226383360287615,0.0,0.0,0.0,0.005041226630902472,0.0,0.011520342517445105,0.0,0.0,0.0,0.0,0.053912898056379714,0.005338934996655879,0.040620883230034634,0.0,0.0,0.0,0.007584619613094184
61,0.05693634977707496,0.0,0.015077465314131516,0.0052405714988708494,0.09262626308661241,0.013267437311319205,0.0,0.0,0.0,0.015125788175142728,0.0,0.0,0.0,0.0,0.0,0.0,0.0,0.0,0.0,0.0,0.05724875009976901,0.014529138344984788,0.013146718190266535,0.00912011586702787,0.0,0.0,0.0
62,0.0,0.0,0.0,0.0,0.05949511226787362,0.0,0.0,0.0,0.008940988971341041,0.00829468491256878,0.0,0.0,0.0,0.0,0.0,0.010713566375035111,0.0,0.0,0.0,0.0,0.014692143406919253,0.0,0.014985261424895256,0.0,0.0,0.0,0.0
63,0.04115222455704049,0.0,0.0,0.0,0.17451050020244024,0.0,0.0,0.0,0.0,0.013380295609774655,0.0,0.0,0.0,0.0050218305359148,0.0,0.013653682519311774,0.0,0.0,0.0,0.0,0.0870848004132101,0.013124400622224154,0.027598433298607394,0.0,0.0,0.0,0.0
64,0.012774895648567043,0.0,0.0,0.0,0.08106148425413638,0.0,0.0,0.0,0.03055275581320938,0.0,0.0,0.0,0.0,0.03996067631001375,0.0,0.0,0.0,0.0,0.0,0.0,0.03614964655467442,0.0,0.014153652045191551,0.0,0.0,0.0,0.0
65,0.008890419887999693,0.0,0.008388513699173927,0.0,0.13977712951600552,0.0,0.0,0.0,0.0,0.0,0.0,0.0,0.0,0.0,0.0,0.0,0.0,0.0,0.0,0.0,0.08860349748283625,0.0,0.02717393171042204,0.0,0.0,0.0,0.0
66,0.0897869497940347,0.0,0.0,0.0,0.20024907085541133,0.0025353216238923975,0.0,0.0,0.0,0.020136063364711968,0.0065950243859677704,0.0,0.0,0.011637696543255367,0.0,0.005919377948786761,0.0,0.0,0.0,0.0,0.06816658800518191,0.0,0.05058071037402024,0.002462957356427167,0.0,0.0022548445173212,0.006686369309554229
67,0.04992772622054882,0.0,0.0,0.0,0.15796581312511745,0.0035840480515126434,0.0,0.0,0.0,0.004587195562512687,0.007849648427427485,0.0,0.0,0.0,0.0,0.03133826309375549,0.0,0.0,0.0,0.0,0.09362217214670074,0.010613049014230793,0.02830887778421466,0.0,0.0,0.0,0.0
68,0.04159606315872886,0.0,0.0,0.0,0.15331800282001495,0.0,0.0,0.0,0.0,0.014090059833093123,0.0,0.0,0.0,0.0,0.0,0.0,0.0,0.0,0.0,0.0,0.13713743740862067,0.0,0.10043898157098076,0.008990581740032543,0.0,0.0,0.0
69,0.008219154905681769,0.007958393451596095,0.0,0.01005995815450495,0.1541863108469435,0.0,0.0,0.0,0.003460847641810898,0.02689861586271239,0.0,0.0,0.0,0.0,0.0,0.004845160590715645,0.0,0.008180520258659174,0.0,0.0,0.0499228473044624,0.007582519172636931,0.03459953596769286,0.0033789784455102337,0.0,0.0,0.0
70,0.0,0.0,0.0,0.0,0.05097118325722523,0.0,0.0,0.0,0.017286886007357866,0.0,0.0,0.0,0.0,0.0,0.0,0.0,0.0,0.0,0.0,0.0,0.0,0.0,0.02327229579289754,0.0,0.0,0.0,0.0
71,0.0,0.0,0.0,0.0,0.03339148174833368,0.0,0.0,0.0,0.021450449471120483,0.008236721709922509,0.0,0.0,0.0,0.0,0.0,0.0184664958053165,0.0,0.0,0.0,0.0,0.025768056511878967,0.0,0.0210915665935587,0.00927690002653334,0.0,0.0,0.0
72,0.0,0.0,0.009442281463871832,0.0,0.028309837955495586,0.010396975538005,0.0,0.0,0.003987661522367726,0.023866685188334923,0.0,0.0,0.0,0.0,0.0,0.0,0.0,0.0,0.0,0.0,0.03445068811592848,0.0,0.07184429434330566,0.0,0.0,0.003820774347885795,0.0
73,0.025391600806923473,0.0,0.0,0.0,0.21387444458463611,0.0,0.0,0.0,0.01431581991560319,0.0,0.0067463639904471,0.0,0.0,0.0,0.0,0.003690135391319499,0.0,0.002562164383776048,0.0,0.0,0.08610973792041049,0.020218322820523205,0.0499016655718579,0.012025962638504365,0.0,0.0,0.0
74,0.02224149936582984,0.0,0.0,0.0,0.11537500525393136,0.0,0.0,0.0,0.0,0.006002327654419876,0.003789413266065644,0.0,0.0,0.012012355211304455,0.0,0.0,0.0,0.0,0.0,0.0,0.1069286651000744,0.0,0.06928794812865374,0.0,0.0,0.0,0.00916615564648698
75,0.0,0.0,0.0,0.007863967082439324,0.12622239727240342,0.02154925083502745,0.0,0.0,0.058477209928708196,0.016105809272863925,0.0,0.0,0.0,0.0,0.0,0.0,0.0,0.0,0.0,0.0,0.04962059702628698,0.0,0.060714507714296,0.0,0.0,0.0,0.0
76,0.05600936311047252,0.0,0.0,0.0,0.11989497556919004,0.0,0.0,0.0,0.0041185973620996245,0.0,0.0,0.0,0.0,0.0,0.0,0.012145330993140616,0.0,0.0,0.0,0.0,0.08253868469377844,0.0,0.017653863604475812,0.0,0.0,0.0,0.0
77,0.04056168089107591,0.0,0.0,0.0,0.134726028053128,0.0,0.0,0.0,0.011674728928780069,0.07816107114967034,0.0,0.0,0.0,0.0,0.0,0.0,0.0,0.014405179996879734,0.0,0.0,0.11562345100908863,0.0,0.09094923308917455,0.0,0.0,0.0,0.0
78,0.024067156198548108,0.0,0.0,0.0,0.1185830707957105,0.0,0.0,0.0,0.0,0.0,0.0,0.0,0.0,0.0,0.0,0.0,0.0,0.0,0.0,0.0,0.22568279141333045,0.0,0.014445216190524218,0.0,0.0,0.0,0.0
79,0.02159247354224876,0.0,0.0,0.0,0.14258300485434355,0.0,0.0,0.0,0.015388901586885806,0.0,0.0,0.0,0.0,0.0,0.0,0.0,0.0,0.0,0.0,0.0,0.09572851437109488,0.0,0.01605481461242393,0.0,0.0,0.0,0.0
80,0.0,0.0,0.0,0.0,0.13832620312185848,0.0,0.0,0.0,0.022063684814116535,0.024894363739911246,0.0,0.0,0.0,0.0,0.0,0.0,0.0,0.0,0.0,0.0,0.008935100892010857,0.0,0.05182281487128314,0.0,0.0,0.0,0.0
81,0.014099549556124037,0.0,0.0,0.0,0.17040845622187076,0.0,0.0,0.0,0.013649514619854914,0.0,0.0,0.0,0.0,0.0,0.0,0.0,0.0,0.0,0.0,0.0,0.1224181466344474,0.0,0.04443807791972506,0.0,0.0,0.0,0.0
82,0.01377362232459219,0.0,0.0,0.0,0.12312952436898884,0.0,0.0,0.0,0.008843086267772474,0.0032269258248178584,0.0,0.0,0.0,0.0,0.0,0.0,0.0,0.0,0.0,0.0,0.061120476848200746,0.0,0.08210202392778898,0.0,0.0,0.0,0.0
83,0.005988056512223077,0.0,0.0,0.0,0.13883031704991133,0.009001575794416605,0.0,0.0,0.0034832862234607186,0.0,0.009820870517455425,0.0,0.0,0.013335328741171925,0.0,0.02057444803493539,0.0,0.013808593307573771,0.0,0.0,0.05237964225798538,0.0,0.05315081421861943,0.0,0.0,0.0,0.0
84,0.0,0.0,0.0,0.0,0.08726658062501387,0.0,0.0,0.0,0.0,0.0,0.0,0.0,0.0,0.0,0.0,0.0,0.0,0.0,0.0,0.0,0.08958997509696266,0.0,0.0,0.0,0.0,0.0,0.0
85,0.0,0.0,0.0,0.0,0.04567001014947891,0.0,0.0,0.0,0.0,0.0,0.0,0.0,0.0,0.0,0.0,0.0,0.0,0.06025339663028717,0.0,0.0,0.0555802583694458,0.0,0.0,0.0,0.0,0.0,0.0
86,0.012619340830835803,0.0,0.0,0.0,0.0732592420331363,0.0,0.0,0.0,0.0,0.018524248435579496,0.0,0.0,0.0,0.0,0.0,0.006871470500682962,0.0,0.0,0.0,0.0,0.03917251907545945,0.0,0.023041401649343558,0.0,0.0,0.0,0.0
87,0.008717739180232702,0.0,0.0,0.0,0.1266015289204844,0.0,0.0,0.0,0.0,0.0,0.0,0.0,0.0,0.0,0.0,0.011160492897033691,0.0,0.0,0.0,0.006523479236645645,0.04618932089109099,0.0,0.04831777060969492,0.0,0.0,0.0,0.0
88,0.008683510283206372,0.0,0.0,0.0,0.12384113510872455,0.0,0.0,0.0,0.007624711762083338,0.010215000269260812,0.0,0.0,0.0,0.0,0.0,0.0,0.0,0.004375518002408616,0.0,0.0,0.11346222904134304,0.0,0.02894871602667139,0.0,0.0,0.0,0.0
89,0.01869753734120783,0.0,0.0,0.0,0.0,0.0,0.0,0.0,0.0,0.026251156937401248,0.013183682594659194,0.0,0.0,0.0,0.0,0.0,0.0,0.0,0.0,0.0,0.0057897798295290966,0.0,0.01777324417852006,0.0,0.0,0.0,0.0
90,0.012525199719195097,0.0,0.0,0.00848682534019902,0.14056578081733775,0.0,0.0,0.0,0.005116589789120656,0.0,0.0,0.0,0.0,0.0,0.0,0.0,0.0,0.0,0.0,0.0,0.10575764612206873,0.0,0.03802196372230098,0.004836445147136472,0.0,0.0,0.0
91,0.0,0.0,0.0,0.0,0.0946175488265785,0.011414129991789122,0.05344923605790009,0.0,0.01798572250314661,0.040807400200818036,0.024836209980217187,0.0,0.0,0.0,0.0,0.0,0.0,0.0,0.0,0.0,0.04546669608837849,0.0,0.10252169499526152,0.0,0.0,0.0,0.0
92,0.0,0.0,0.0,0.0038318807302519333,0.1654149408257285,0.00948284393133119,0.0,0.0,0.0,0.010827539272086566,0.011431492345277653,0.0,0.0,0.011311762554700984,0.0,0.0,0.0,0.0,0.0,0.0,0.056474268436431885,0.0,0.02856484367403873,0.00411683528922325,0.0,0.0,0.0
93,0.0,0.0,0.0,0.003695287362292961,0.11402565958323302,0.013986350209624679,0.0,0.003517134322060479,0.004744937022527059,0.02936012656600387,0.009090440692725006,0.0,0.0,0.00871488231199759,0.0,0.009227292957129303,0.0,0.0,0.0,0.0,0.05108387271563212,0.0,0.0774626894681542,0.0,0.0,0.0,0.0
94,0.018757915233864504,0.0,0.0,0.0,0.10334254472571261,0.0022904035799643572,0.0,0.007327580276657553,0.004500458783963148,0.009315640172537635,0.0,0.0,0.0,0.0,0.0,0.0,0.0,0.0,0.0,0.0,0.03839222648564507,0.0068453116451992705,0.03532231774400262,0.0036879926919937134,0.006733836934846991,0.0,0.0
95,0.0,0.0,0.0,0.0,0.06822699985720894,0.0,0.0,0.0,0.01705542409961874,0.0,0.003551454706625505,0.0,0.0,0.0,0.0,0.0,0.0,0.0,0.0,0.0,0.08302833783355626,0.0,0.020805362950671803,0.0,0.0,0.0,0.0
96,0.032821604673811,0.0,0.005804684951151017,0.0,0.1238954183009031,0.0036154741005931827,0.0,0.0,0.010799823047445832,0.009781399219156169,0.007069833844685726,0.0,0.0,0.007010498064027416,0.0,0.0,0.0,0.0,0.0,0.0,0.10204167288841962,0.0,0.040536825391028423,0.0,0.0,0.0,0.0
97,0.020890743174451464,0.0,0.009717753592957842,0.0,0.11062852245696048,0.0,0.0,0.0,0.016298193880852234,0.0,0.0,0.0,0.0,0.0,0.0,0.0,0.0,0.0,0.0,0.0,0.15031017902049612,0.003762583149240372,0.024356513898423377,0.0,0.0062858145287696355,0.0,0.0
98,0.043461826910455546,0.0,0.011261968727571419,0.0,0.10349689262459077,0.0,0.0,0.0,0.005734971488814756,0.0,0.005718576979924397,0.0,0.0,0.005360073712934931,0.0,0.0,0.0,0.0,0.0,0.0,0.04942101671035031,0.0,0.012780728469412011,0.0,0.0,0.0,0.0
99,0.02178990291921716,0.0,0.0,0.0,0.020700240213620037,0.0,0.0,0.0,0.006076395511627197,0.0,0.0,0.0,0.0,0.0,0.0,0.0070189151324723895,0.0,0.0,0.0,0.0,0.02443820943957881,0.0,0.024916182223119233,0.0,0.0,0.0,0.0
100,0.07293601900758878,0.0,0.0,0.0,0.07488101259083815,0.0,0.0,0.0,0.011762084255755787,0.0,0.0,0.0,0.0,0.006966029674234524,0.0,0.0,0.0,0.0,0.0,0.0,0.08389902198818368,0.0,0.03826194413950745,0.0,0.0,0.0,0.0
101,0.023536507135782488,0.0,0.0,0.0,0.1440075968320553,0.0,0.0,0.0,0.0,0.007267961135277381,0.0,0.0,0.0,0.0,0.0,0.0,0.0,0.0,0.0,0.0,0.09667604779585814,0.0,0.04558927432084695,0.0,0.0,0.005905443659195533,0.0
102,0.038599303258316855,0.0,0.0,0.0,0.20098529489977018,0.0,0.0,0.0,0.008227905524628503,0.0,0.0070819977138723645,0.0,0.0,0.0,0.0,0.0,0.0,0.0,0.0,0.0,0.20233257434197835,0.0,0.13724804776055471,0.0,0.0,0.0,0.0
103,0.0,0.0,0.0,0.0,0.0469245175097851,0.0,0.020883424484983405,0.0,0.026357281715311903,0.0,0.0,0.0,0.0,0.0,0.0,0.0,0.0,0.0,0.0,0.0,0.03681335931128644,0.0,0.008316136421041285,0.0,0.0,0.0,0.0
104,0.05682854311806815,0.0,0.0,0.0,0.08330734372138977,0.0,0.0,0.0,0.028050463540213448,0.0,0.0,0.0,0.0,0.0,0.0,0.0,0.0,0.0,0.0,0.0,0.10524764486721584,0.0,0.0,0.0,0.0,0.0,0.0
105,0.010004219724171197,0.0,0.0,0.0,0.09170296120999465,0.005447125256951175,0.0,0.0,0.010677600084845699,0.0,0.0,0.0,0.0,0.01461648229342788,0.0,0.0,0.0,0.0,0.0,0.0,0.05284592731675105,0.0,0.006209090574463802,0.0,0.0,0.0,0.0
106,0.01474536532786355,0.0,0.0,0.0,0.04996795084939074,0.0,0.0,0.0,0.01840539298840423,0.006297155547497877,0.014293197375624928,0.0,0.0,0.0,0.0,0.014898253020955555,0.0,0.0,0.0,0.0,0.058568424253321406,0.0,0.02933180999400011,0.0,0.0,0.0,0.0
107,0.0,0.0,0.0,0.0,0.0,0.0,0.0,0.0,0.0,0.0,0.0,0.0,0.0,0.0,0.0,0.0,0.0,0.0,0.0,0.0,0.0,0.0,0.0,0.0,0.0,0.0,0.0
108,0.0,0.0,0.0,0.005892585374807057,0.07929613754937523,0.0,0.0,0.0,0.01760789046162053,0.020423496240063718,0.0,0.0,0.0,0.0,0.0,0.0,0.0,0.0,0.0,0.0,0.048165933081978245,0.0,0.01309091401727576,0.0,0.0,0.0,0.0
109,0.02022970478299638,0.0,0.0,0.0,0.09419655799865723,0.0,0.0,0.0,0.007951587018832354,0.0,0.0,0.0,0.0,0.013831153721876547,0.0,0.014042853469579992,0.0,0.0,0.0,0.0,0.10906240092196935,0.0,0.02593707324753345,0.0,0.013222714545021594,0.0,0.0
110,0.0,0.0,0.0,0.0,0.09789848002520475,0.0,0.0,0.0,0.0,0.017209887504577637,0.0,0.0,0.0,0.0,0.0,0.0,0.0,0.0,0.0,0.0,0.03679268793626265,0.0,0.007682311534881592,0.0,0.0,0.0,0.0
111,0.017176298600322795,0.0,0.0,0.0,0.10642082848638859,0.0,0.0,0.0,0.0,0.023332442315119616,0.0,0.0,0.0,0.0,0.0,0.04319302709597462,0.0,0.0,0.0,0.0,0.024706926548256063,0.0,0.029311830142758927,0.0,0.0,0.0,0.0
112,0.0,0.0,0.0,0.0,0.18064421734639577,0.0,0.0,0.0,0.0,0.0,0.0,0.0,0.0,0.0,0.0,0.0,0.0,0.0,0.0,0.0,0.0766999785389219,0.0,0.025899344256946018,0.0,0.0,0.0,0.0
113,0.04032401480805983,0.0,0.0,0.0,0.19015520674373032,0.0,0.0,0.008030488950396897,0.012717191232453793,0.02941500156297596,0.002842242564630071,0.0,0.0,0.0,0.0,0.0,0.0,0.0,0.0,0.0,0.12246435224463087,0.0,0.09936978729493028,0.0,0.0,0.0,0.0
114,0.0673058493762997,0.0,0.0,0.0,0.06846555834966349,0.0,0.0,0.0,0.0,0.004235330625628748,0.004681648937522942,0.0,0.0,0.005403732154386263,0.0,0.0,0.0,0.005701987878650638,0.0,0.0,0.02631997808497003,0.0,0.007816745034346343,0.0,0.0,0.0022627428068336865,0.0
115,0.0,0.0,0.0,0.007666214516288356,0.12619636090178238,0.0,0.0,0.0,0.02041163413148177,0.03214797416799947,0.0,0.0,0.0,0.0,0.0,0.0,0.0,0.0,0.0,0.0,0.09774277947450939,0.005561455299979762,0.02767434912292581,0.0,0.0,0.0,0.0
116,0.0,0.0,0.0,0.0,0.005144289978172468,0.0,0.0,0.0,0.0050032294314840565,0.0,0.0,0.0,0.0,0.0,0.0,0.010840750258901844,0.0,0.0,0.0,0.0,0.0,0.0,0.023487988373507625,0.0,0.0,0.0,0.0
117,0.0680412256717682,0.0,0.0,0.0,0.19658550143241882,0.0,0.0,0.0,0.0,0.012319964170455933,0.012320531606674194,0.0,0.0,0.01966519594192505,0.0,0.0,0.0,0.0,0.0,0.0,0.037911072969436646,0.0,0.07650363445281982,0.0,0.0,0.0,0.0
118,0.027136562126023427,0.0,0.0,0.0,0.17800600081682205,0.0,0.0,0.0,0.0,0.0,0.045592084527015686,0.0,0.0,0.0,0.0,0.0,0.0,0.0,0.0,0.0,0.034989348479679654,0.013196622686726707,0.015150868466922216,0.0,0.0,0.0,0.0
119,0.05774702446561464,0.0,0.0,0.0,0.11039262800149514,0.0,0.0,0.0,0.005563190285588654,0.0,0.0,0.0,0.0,0.01370642470641875,0.0,0.0,0.0,0.0,0.0,0.0,0.02494203792491429,0.0,0.024953269622695277,0.0,0.0,0.0,0.0
120,0.0,0.0,0.0,0.007871870587511761,0.02942142690100321,0.0,0.0,0.0,0.014559519000169708,0.04687781595602268,0.0,0.0,0.0,0.0,0.0,0.0,0.0,0.0,0.0,0.0,0.0719740579767925,0.0,0.022670532145151277,0.0,0.0,0.0,0.0
121,0.02160196526106014,0.0,0.0,0.0,0.19903028461822245,0.005021924542826276,0.0,0.0,0.02380205933437791,0.014746453872946806,0.008330180894496829,0.0,0.0,0.006637742353040118,0.0,0.0,0.0,0.0,0.0,0.0,0.08720925658248192,0.010192986837653227,0.09437118851861288,0.0,0.0,0.00960475622221481,0.0
122,0.03337220317226345,0.0,0.0,0.0,0.12429365768270978,0.005095974873688261,0.0,0.0,0.02262134168107631,0.014466064461206986,0.009921834630481267,0.0,0.0,0.0,0.0,0.01689267663632409,0.0,0.0,0.0,0.0,0.0642956606412338,0.0,0.04490596359058962,0.0,0.0,0.0,0.0
123,0.02422605242047991,0.0,0.0,0.0,0.19779774120875768,0.0,0.0,0.0,0.0,0.0,0.0,0.0,0.0,0.01892593502998352,0.0,0.0,0.0,0.0,0.0,0.0,0.09615252212602265,0.006599454247221655,0.07277047147556227,0.008126218099983372,0.0,0.0,0.0
124,0.0,0.0,0.0,0.0,0.0928348463934821,0.0,0.0,0.0,0.0,0.011910480421942633,0.010614895337336772,0.0,0.0,0.0,0.0,0.0,0.0,0.0,0.0,0.0,0.053057388679401296,0.0,0.015401638842917778,0.0,0.0,0.0,0.0
125,0.0,0.0,0.017551427887332056,0.0,0.09349944226203426,0.0,0.0,0.0,0.0,0.031665682792663574,0.0,0.0,0.0,0.0,0.0,0.03215526573119625,0.0,0.0,0.0,0.0,0.0,0.0,0.0639047372725702,0.0,0.0,0.0,0.0
126,0.02270645499229431,0.0,0.0,0.0,0.05085210427641869,0.0,0.0,0.0,0.0,0.0,0.0,0.0,0.0,0.0,0.0,0.0,0.0,0.02292896807193756,0.0,0.0,0.008790180087089539,0.0,0.09297073259949684,0.0,0.0,0.0,0.0
127,0.028679227663411036,0.0,0.0,0.005028190712134044,0.18149841783775222,0.0,0.0,0.0,0.01941989693376753,0.007089561886257595,0.0,0.0,0.0,0.013601553108957078,0.0,0.0,0.0,0.013570913010173373,0.0,0.0,0.12308631920152241,0.0,0.036056940340333514,0.0,0.0,0.0,0.0
128,0.021892424023479497,0.0,0.0,0.007975957809238259,0.14911574097948338,0.0,0.0,0.0,0.006414538129754023,0.0,0.0075347937575174035,0.0,0.0,0.009003421582213235,0.0,0.0,0.0,0.0,0.0,0.0,0.06028006629112664,0.0,0.05230599477750446,0.0,0.0,0.0,0.0
129,0.11032926481345605,0.0,0.0,0.0,0.1940774888827883,0.0,0.010793062325181632,0.006837556279938797,0.00394123546008406,0.0060633433276209335,0.0,0.0,0.0,0.023809512730302483,0.0,0.0,0.0,0.0,0.0,0.0,0.12269731698365047,0.0,0.04209816106434526,0.0,0.0,0.0,0.0
130,0.022691171553175328,0.0,0.0,0.0,0.19607953196865016,0.0,0.0,0.0,0.008845083794351352,0.013701108552641788,0.033122001057964263,0.0,0.0,0.0,0.0,0.0,0.0,0.0,0.0,0.0,0.14877266702005418,0.0,0.025083043817746436,0.0,0.0,0.0,0.0
131,0.021761482738586795,0.0,0.0,0.006310141230204019,0.10513461856956942,0.0,0.0,0.0,0.009261879576257912,0.0,0.01190530535686447,0.0,0.0,0.0,0.0,0.0,0.0,0.0,0.0,0.0,0.035384206886751104,0.0,0.03911360703318952,0.0,0.0,0.0,0.0
132,0.006975512826040889,0.0,0.0,0.0,0.12972254498621053,0.0,0.0,0.0,0.01835474003566785,0.0,0.0,0.0,0.0,0.0534908255834258,0.0,0.0,0.0,0.0,0.0,0.0,0.08714976772833406,0.0,0.018742900885892717,0.0,0.0,0.0,0.0
133,0.004903186374986676,0.0,0.0,0.0,0.15103275129492855,0.0,0.0,0.0,0.0,0.0,0.024729060455107352,0.0,0.0,0.0,0.0,0.03471537501039639,0.0,0.0,0.0,0.0,0.11283919341127638,0.0,0.05784353529903251,0.0,0.012709230604306074,0.0,0.0
134,0.0,0.0,0.0,0.0,0.18314347710720327,0.0,0.0,0.0,0.008047721413678901,0.026381679745607598,0.0,0.0,0.0,0.0,0.0,0.0,0.0,0.0,0.0,0.0,0.15378251914368118,0.0,0.05841682366160459,0.0,0.0,0.0,0.0
135,0.01911090329750297,0.0,0.0,0.0033613753687475145,0.06342900168035448,0.0,0.0,0.0,0.009212093254954545,0.05809488646762887,0.011393613729280294,0.0,0.0,0.0,0.0,0.0,0.0,0.0,0.0,0.0,0.0414103324880305,0.0,0.06200601544576822,0.0,0.0,0.006356936754639616,0.0
136,0.0,0.0,0.011940771952653542,0.0,0.085570073280579,0.0,0.0,0.0,0.02830910988343068,0.0,0.012746289754525209,0.0,0.0,0.0,0.0,0.0,0.0,0.0,0.0,0.0,0.04413915253602541,0.0,0.01455744451437241,0.0,0.010864237180122962,0.0,0.0
137,0.0,0.0,0.0,0.0,0.06774739992050897,0.0,0.0,0.0,0.0,0.023218098140898206,0.0,0.0,0.0,0.0,0.0,0.0,0.0,0.0,0.0,0.0,0.04684994334266299,0.0,0.0,0.0,0.0,0.033085754939488,0.0
138,0.0,0.0,0.0,0.0,0.054470730098811065,0.0,0.0,0.0,0.017306957732547413,0.030741843310269443,0.0,0.0,0.0,0.0,0.0,0.0,0.0,0.0,0.0,0.0,0.050380665470253334,0.0,0.0670016116716645,0.0,0.0,0.007648381319912997,0.0
139,0.010177161492092508,0.0,0.0,0.0,0.044073707620862504,0.0,0.005463057420623135,0.0,0.0,0.0,0.018404577399643376,0.0,0.0,0.0,0.0,0.013660009478179502,0.0,0.013776608755890752,0.0,0.0,0.04077248338242652,0.006942314161381251,0.020670211231204827,0.0,0.0,0.0,0.0
140,0.0112690562489389,0.0,0.0,0.0,0.09695206120096404,0.0,0.0,0.0,0.006851949225897077,0.0,0.005637255550801069,0.0,0.0,0.0,0.0,0.0,0.0,0.011095767048583633,0.0,0.0,0.0857888658841451,0.0,0.049637598552923094,0.0050610687540865494,0.009962294293546128,0.0,0.0
141,0.028890935813679415,0.0,0.0,0.0,0.044289247078054095,0.0,0.0,0.0,0.0,0.0,0.0,0.0,0.0,0.0,0.0,0.0,0.0,0.0,0.0,0.0,0.025917864897671866,0.0,0.0,0.0,0.0,0.0,0.0
142,0.029840403642409887,0.0,0.0,0.0,0.22619066635767618,0.0,0.0,0.0,0.0,0.0,0.0,0.0,0.0,0.0,0.0,0.0,0.0,0.0,0.0,0.0,0.013042795352446727,0.0,0.03079306315153073,0.0,0.0,0.0,0.0
143,0.041537650606848976,0.0,0.0,0.0,0.23795466937802054,0.0,0.0,0.0,0.00915889103304256,0.0,0.0,0.0,0.0,0.008656169880520214,0.0,0.0,0.0,0.0,0.0,0.0,0.04419751465320587,0.0,0.07603715089234439,0.0,0.0,0.0,0.0
144,0.03969341699893658,0.0,0.0,0.0,0.14955293811284578,0.0,0.0,0.0,0.0,0.01262505604670598,0.0,0.0,0.0,0.0,0.0,0.0,0.0,0.0,0.0,0.0,0.08057671510256253,0.028846051142765925,0.025297374908740705,0.0,0.0,0.01318685091458834,0.0
145,0.020833156574731587,0.0,0.009915856109268364,0.0,0.10810850817581703,0.0,0.0,0.0,0.01460296943269927,0.03682287876633392,0.0,0.0,0.0,0.0,0.0,0.011467415710975384,0.0,0.0,0.0,0.0,0.035454643868851936,0.0,0.030250157432994623,0.0,0.0,0.0,0.0
146,0.0,0.0,0.0,0.0,0.12131033837795258,0.0,0.0,0.0,0.0,0.0,0.0,0.0,0.0,0.020370577772458393,0.0,0.0,0.0,0.0,0.0,0.0,0.011948893467585245,0.0,0.07628665926555793,0.0,0.0,0.0,0.0
147,0.03860680129792955,0.0,0.0,0.0,0.09389001131057739,0.0,0.0,0.0,0.010329865084754097,0.015165127648247612,0.0,0.0,0.0,0.0,0.0,0.0,0.0,0.0,0.0,0.0,0.033059190379248725,0.0,0.10084004998207093,0.0,0.0,0.0,0.0
148,0.006086220928266936,0.0,0.0,0.02199639117016512,0.06775961670221067,0.0,0.0,0.0,0.015176591919917687,0.018479895357992136,0.019143451662624583,0.0,0.0,0.006154436691134584,0.0,0.0,0.0,0.0,0.0,0.0,0.038776083319794895,0.0,0.016328609457202985,0.0,0.0,0.0,0.0
149,0.009105700568148965,0.0,0.0,0.0,0.09536776479921844,0.0036922401503512734,0.0,0.0,0.007538213541633205,0.009285266462125276,0.0,0.0,0.0,0.0,0.0,0.0,0.0,0.0048428595066070555,0.0,0.0,0.03253937018545051,0.0,0.06234008418886285,0.0078336332973681,0.0,0.0,0.0
150,0.0,0.0,0.0,0.0,0.08185696088034532,0.0,0.0,0.0,0.017095636704872394,0.045385321666454446,0.0,0.0,0.0,0.0,0.0,0.03442381373767195,0.0,0.0,0.0,0.0,0.057821771194194925,0.0,0.06547541351153932,0.0,0.0,0.0,0.0
151,0.07228371563057105,0.0,0.0,0.0,0.12743899319320917,0.0,0.0,0.0,0.009301422474284967,0.009222261607646942,0.0,0.0,0.0,0.0,0.0,0.0,0.0,0.009561218321323395,0.0,0.0,0.06763810385018587,0.0,0.04321925466259321,0.0,0.0,0.0,0.0
152,0.12641754098560498,0.0,0.0,0.0,0.14695061095382855,0.0,0.0,0.0,0.0,0.0,0.0,0.0,0.0,0.0,0.0,0.0,0.0,0.0,0.0,0.0,0.13705745339393616,0.0,0.07261049941830013,0.00889139395693074,0.0,0.0,0.0
153,0.02189969817797343,0.0,0.0,0.025173643231391908,0.20006278306245803,0.0,0.0,0.0,0.0,0.007242166002591451,0.0,0.0,0.0,0.03265649875005086,0.0,0.0,0.0,0.0,0.0,0.0,0.05720147490501404,0.0,0.027282825112342833,0.0,0.0,0.0,0.0
154,0.05638143697450327,0.0,0.0,0.0,0.3003472089767456,0.0,0.0,0.0,0.0,0.0,0.0,0.0,0.0,0.0,0.0,0.0,0.0,0.0,0.0,0.0,0.15381590363591216,0.0,0.09014835745789283,0.0,0.0,0.0,0.0
155,0.0,0.0,0.0,0.0,0.0662765893198195,0.0,0.0,0.0,0.0,0.0,0.0,0.0,0.0,0.0,0.0,0.0,0.0,0.0,0.0,0.0,0.06377761420749482,0.0,0.03207208003316607,0.0,0.0,0.0,0.0
156,0.026881094773610434,0.0,0.0,0.007262193163235982,0.10486791382233301,0.0,0.0,0.0,0.018837796151638032,0.01472949335972468,0.0,0.0,0.0,0.0,0.0,0.0,0.0,0.0,0.0,0.0,0.07736483116944631,0.0,0.04940702319145203,0.005596661070982615,0.0,0.0,0.0
157,0.013719574082642794,0.0,0.0,0.0,0.12630680366419256,0.0,0.0,0.0,0.0056075891479849815,0.0,0.0,0.0,0.0,0.0,0.0,0.0,0.0,0.0,0.0,0.0,0.07652679132297635,0.007424716837704182,0.08462661388330162,0.0,0.0,0.0,0.0
158,0.012459285223661964,0.0,0.0,0.0,0.11793717252674388,0.0,0.0,0.0,0.014085760757104675,0.01034889915096226,0.0,0.0,0.0,0.0,0.0,0.0395070083105742,0.0,0.006741277317502605,0.0,0.0,0.052294939311582654,0.0,0.03745077706094998,0.0,0.0,0.0,0.0
159,0.04795566967555455,0.0,0.0,0.0,0.1083019767488752,0.0,0.0,0.0,0.0,0.0,0.0,0.0,0.0,0.0,0.0,0.0,0.0,0.0,0.0,0.0,0.07352853502546038,0.0,0.01263364553451538,0.0,0.0,0.0,0.0
160,0.029981694090256996,0.0,0.0,0.004653867778428104,0.13628888157529567,0.0,0.0,0.0,0.004272833056406144,0.012381846478225988,0.00843208317362934,0.0,0.0,0.0,0.0,0.0,0.0,0.0,0.0,0.0,0.07220886825421534,0.0,0.06163439045258618,0.0,0.0,0.0,0.0
161,0.0,0.0,0.0,0.0,0.08006883006204259,0.0,0.0,0.0,0.0,0.0,0.0,0.0,0.0,0.0,0.0,0.0,0.0,0.0,0.0,0.0,0.06482896479693326,0.0,0.0,0.0,0.0,0.0,0.0
162,0.02324564239153495,0.0,0.0,0.0,0.09379663347051694,0.0,0.0,0.0,0.014205286709161906,0.004200586332724645,0.0,0.0,0.0,0.0,0.0,0.00959033347093142,0.0,0.01895025773690297,0.0,0.0,0.08225453358430129,0.009107632705798516,0.09884684590192941,0.006229146168782161,0.0,0.0,0.0
163,0.05141251565704883,0.0,0.0,0.0,0.1055551658213978,0.0,0.0,0.012041126338528916,0.013793514647953947,0.01292595603096653,0.0,0.0,0.0,0.0,0.0,0.013472013070549764,0.0,0.0,0.0,0.0,0.06876291439566813,0.01328648395941291,0.06831512610677262,0.0,0.0,0.0,0.0
164,0.022052642610884205,0.0,0.0,0.013408874113535144,0.13156743240110652,0.0,0.0,0.0,0.0,0.01848026249826569,0.018054023231427695,0.0,0.0,0.0,0.0,0.004719947109517363,0.0,0.0,0.0,0.0,0.05878635841546599,0.0,0.08410437051782903,0.0,0.0,0.0,0.0
165,0.004318351825971282,0.0,0.0,0.0,0.09895652499091759,0.014993577860714345,0.0,0.0,0.0,0.0,0.011029227396075645,0.0,0.0,0.0,0.0,0.0,0.0,0.0,0.0,0.0,0.009031423691953167,0.0,0.03481486004390073,0.005345977089378271,0.010571086004878699,0.0,0.0
166,0.022803539321536108,0.0,0.0,0.0,0.09180407084169842,0.01929295914513724,0.0,0.0,0.0,0.02313416912442162,0.0,0.0,0.0,0.0,0.0,0.0,0.0,0.0,0.0,0.0,0.09581027854056585,0.0,0.10465297670591445,0.0,0.0,0.0,0.0
167,0.028823003417155782,0.0,0.0,0.0,0.08590247347706655,0.0,0.0,0.0,0.026927265964570592,0.020617783069610596,0.011991154952127426,0.0,0.0,0.0,0.0,0.0,0.0,0.0,0.0,0.0,0.038773326600184205,0.014371013055082227,0.04457903934306786,0.0,0.0,0.0,0.032449582561117706
168,0.0809641308703665,0.0,0.0,0.0,0.07699895460726851,0.0,0.0,0.0,0.0,0.0,0.0,0.0,0.0,0.0,0.0,0.0,0.0,0.0,0.0,0.0,0.07959097825874717,0.032040030269299524,0.027658850459729212,0.0,0.0,0.0,0.0
169,0.0,0.0,0.0,0.0,0.05495874801029762,0.0,0.0,0.0,0.007712959622343381,0.009703153744339943,0.0,0.0,0.0,0.0,0.0,0.01036851853132248,0.0,0.0,0.0,0.0,0.03456151454399029,0.0,0.043507710409661136,0.0,0.0,0.005224205553531647,0.0
170,0.03305468316805565,0.0,0.0,0.0,0.17183661966000574,0.0,0.0,0.0,0.0056576274209103345,0.026751411163200765,0.0,0.0,0.0,0.0,0.0,0.0,0.0,0.0,0.0,0.0,0.12168344855308533,0.0,0.09200135732101182,0.0,0.0,0.0,0.0
171,0.0,0.0,0.0,0.0,0.022147338920169405,0.0,0.0,0.0,0.02959992223315769,0.0,0.0,0.0,0.0,0.0,0.0,0.0,0.0,0.0,0.0,0.0,0.0604182673825158,0.0,0.016157266828748913,0.0,0.0,0.0,0.0
172,0.0,0.0,0.0,0.0,0.10566575488736553,0.0,0.0,0.0,0.031037222954534715,0.0,0.0,0.0,0.0,0.0,0.0,0.0,0.0,0.0,0.0,0.0,0.10942552551146477,0.0,0.0,0.0,0.0,0.0,0.0
173,0.012073606620600193,0.0,0.0,0.0,0.03537068764368693,0.0,0.0,0.0,0.0,0.011846914703463331,0.0,0.0,0.0,0.0,0.0,0.0,0.0,0.0,0.0,0.0,0.07520980010797948,0.011403122801839569,0.03163581645047223,0.005148949814431461,0.0,0.01100785901517044,0.0
174,0.03011039396127065,0.0,0.0,0.0041729046238793265,0.12303528851932949,0.0,0.0,0.0,0.013111384378539192,0.004394733243518406,0.0,0.0,0.0,0.0,0.0,0.010310846898290846,0.0,0.0,0.0,0.0,0.1251701120701101,0.0050101131200790405,0.014533564862277772,0.0,0.0,0.0,0.0
175,0.06253457069396973,0.0,0.0,0.0,0.09688979042203803,0.0,0.0,0.0,0.006587751915580348,0.0,0.008594930799383867,0.0,0.0,0.0,0.0,0.014753483784826178,0.0,0.015471792534777993,0.0,0.0,0.11290761671568218,0.0,0.04205104834155032,0.0,0.0,0.0,0.0
176,0.03873814642429352,0.0,0.0,0.0,0.02766497345531688,0.0,0.02856668654610129,0.0,0.009777278584592482,0.0,0.024528457837946275,0.0,0.0,0.0,0.0,0.0,0.0,0.0,0.0,0.0,0.09651845518280477,0.027674341903013343,0.0,0.0,0.0,0.0,0.0
177,0.0,0.0,0.0,0.0,0.0,0.0,0.0,0.0,0.0,0.0,0.0,0.0,0.0,0.0,0.0,0.0,0.0,0.0,0.0,0.0,0.3315166433652242,0.0,0.0,0.0,0.0,0.0,0.0
178,0.02063767663363753,0.0,0.0,0.0,0.07551055735555189,0.0,0.0,0.0,0.01591432916707006,0.02577308025853387,0.006224000248415717,0.0,0.0,0.0,0.0,0.0,0.0,0.0,0.0,0.0,0.05081329160723193,0.0,0.0,0.0,0.0,0.0,0.0
179,0.028033424340761625,0.0,0.0,0.0,0.05950124080364521,0.0,0.0,0.0,0.0,0.0,0.0,0.0,0.0,0.0,0.0,0.0,0.0,0.0,0.0,0.0,0.10508481493363013,0.0,0.011005543745481051,0.0,0.0,0.0,0.0
180,0.0,0.0,0.0,0.0,0.2109407177477172,0.0,0.0,0.0,0.04350966576373938,0.012493480335582386,0.01666757735339078,0.0,0.0,0.0,0.0,0.010811176263924801,0.0,0.0,0.0,0.0,0.11767165407989964,0.0,0.0939704008174665,0.014204754070802168,0.0,0.0,0.0
181,0.03443740481554076,0.0,0.0,0.00781625093415726,0.0640399040177811,0.0,0.0,0.0,0.0,0.020271681768949643,0.0,0.0,0.0,0.0,0.0,0.0,0.0,0.0,0.0,0.0,0.09130634263504384,0.01106982522232588,0.10093180142169775,0.0,0.0,0.005952363097390463,0.0
182,0.03765158907751019,0.0,0.0,0.0055305241199021925,0.20354886671130576,0.0,0.010906857720921549,0.0,0.0,0.00808254922373911,0.0,0.0,0.0,0.020971787779518726,0.0,0.00423545582910602,0.0,0.0,0.0,0.0,0.05259324057718341,0.0,0.03952643409203947,0.0,0.0,0.0,0.005563167038928257
183,0.046087785240481884,0.0,0.0,0.0,0.0794167821021641,0.0,0.0,0.0,0.016790850635837105,0.0,0.0,0.0,0.0,0.025491590885555044,0.0,0.026420146226882935,0.0,0.0,0.0,0.005147733232554267,0.08296162152991575,0.01400439441204071,0.020029738107148337,0.007057731204173144,0.0,0.0,0.0
184,0.02100551862647568,0.0,0.0,0.009294104748877926,0.1452651075694872,0.0,0.0,0.0,0.0,0.00917081470074861,0.0,0.0,0.0,0.0,0.0,0.007511455943618996,0.0,0.0,0.0,0.0,0.09294132693954137,0.0,0.019945027171701626,0.0,0.0,0.0,0.0
185,0.015863637561383453,0.0,0.0,0.0,0.13072929434154346,0.0,0.0,0.0,0.0,0.0,0.0,0.0,0.0,0.0,0.0,0.0,0.0,0.0,0.0,0.0,0.01527526326801466,0.0,0.06817129707854727,0.0,0.0,0.0,0.0
186,0.0,0.0,0.0,0.0,0.08318210716517467,0.0,0.0,0.0,0.0,0.0,0.0,0.0,0.0,0.016842265174073993,0.0,0.0,0.0,0.0,0.0,0.0,0.06070408225059509,0.0,0.07082678349512928,0.0,0.0,0.0,0.0
187,0.06022939896907936,0.0,0.0,0.0,0.17211693484766954,0.0,0.0,0.0,0.0,0.0,0.0,0.0,0.0,0.018625919510718104,0.0,0.0,0.0,0.004382864147627435,0.0,0.0,0.06341170190142936,0.004413273869728555,0.03926009507406326,0.0022957217531139346,0.0,0.0,0.0
188,0.0,0.0,0.0,0.0,0.18247810893870414,0.021035951502779697,0.0,0.0,0.014292056256152213,0.0,0.013289832054300512,0.0,0.0,0.0,0.0,0.0,0.0,0.00665255366487706,0.0,0.0,0.14966830547819746,0.0,0.03859055929995598,0.017222225666046143,0.0,0.0,0.0
189,0.119738736977944,0.0,0.0,0.004756016608996269,0.09421549597357073,0.0,0.016904591495155268,0.005310913945874597,0.0,0.01935604825997964,0.0,0.0,0.0,0.0,0.0,0.0,0.0,0.012413763337665133,0.0,0.0,0.06082080954160446,0.01580697247105786,0.030319561306227986,0.0,0.0,0.0,0.0
190,0.06792554780840873,0.0,0.0,0.0,0.1254678752273321,0.0,0.0,0.0,0.0,0.0,0.0,0.0,0.0,0.0,0.0,0.0,0.0,0.0,0.0,0.0,0.031302985921502116,0.011057326197624206,0.005394570901989937,0.0,0.0,0.0,0.0
191,0.0,0.0,0.0,0.0,0.03443024296691452,0.0,0.0,0.0,0.008559950020002283,0.0,0.0,0.0,0.0,0.009873665761256563,0.0,0.006674837806950445,0.0,0.0,0.0,0.0,0.02594263225361921,0.0,0.0,0.0,0.0,0.0,0.0
192,0.0537057982550727,0.0,0.0,0.0,0.05667685800128513,0.0,0.0,0.0,0.0,0.0,0.0,0.0,0.0,0.0,0.0,0.0,0.0,0.0,0.0,0.0,0.10109434856308831,0.0,0.039250198337766856,0.0,0.0,0.0,0.0
