,admiration,amusement,anger,annoyance,approval,caring,confusion,curiosity,desire,disappointment,disapproval,disgust,embarrassment,excitement,fear,gratitude,grief,joy,love,nervousness,optimism,pride,realization,relief,remorse,sadness,surprise,transcript_number
0,0.0,0.0,0.0,0.0,0.016939390164155226,0.0,0.0,0.0,0.0,0.0,0.0,0.0,0.0,0.0,0.0,0.0,0.0,0.0,0.0,0.0,0.0,0.0,0.014390167135458726,0.0,0.0,0.0,0.0,0
1,0.0,0.0,0.0,0.0,0.1281566199134378,0.0,0.0,0.0,0.0,0.05415281478096457,0.0,0.0,0.0,0.0,0.0,0.0,0.0,0.0,0.0,0.0,0.14945618194692276,0.0,0.05538707270341761,0.0,0.0,0.0,0.0,1
2,0.0,0.0,0.0,0.0,0.11976552394128614,0.027171286844438123,0.0,0.0,0.0,0.0,0.0,0.0,0.0,0.0,0.0,0.0,0.0,0.0,0.0,0.0,0.06097753970853744,0.0,0.06213240277382635,0.0,0.0,0.0,0.0,2
3,0.0,0.0,0.0,0.0,0.05035224159558614,0.0,0.0,0.0,0.0,0.0,0.0,0.0,0.0,0.0,0.0,0.0,0.0,0.0,0.0,0.0,0.0,0.0,0.010958398381868998,0.0,0.0,0.0,0.0,3
4,0.0,0.0,0.0,0.0,0.12985001628597578,0.0,0.0,0.0,0.0,0.0,0.0,0.0,0.0,0.0,0.0,0.0,0.0,0.0,0.0,0.0,0.039329213400681816,0.0,0.0,0.0,0.0,0.0,0.0,4
5,0.0,0.0,0.0,0.0,0.12451517209410667,0.0,0.0,0.0,0.0,0.0,0.0,0.0,0.0,0.0,0.0,0.0,0.0,0.0,0.0,0.0,0.013774238526821136,0.0,0.013338961948951086,0.0,0.0,0.0,0.0,5
6,0.0,0.0,0.0,0.0,0.10002857561294849,0.048147459442798905,0.0,0.0,0.0,0.0,0.020007069294269268,0.0,0.0,0.0,0.0,0.0,0.0,0.0,0.0,0.0,0.0,0.0,0.0,0.0,0.0,0.0,0.0,6
7,0.0,0.0,0.0,0.0,0.10407839994877577,0.0,0.0,0.0,0.0,0.0,0.030843403190374374,0.0,0.0,0.0,0.0,0.0,0.0,0.0,0.0,0.0,0.061069462448358536,0.0,0.039540406316518784,0.0,0.0,0.0,0.0,7
8,0.0,0.0,0.0,0.01282404418344851,0.027149070192266395,0.0,0.0,0.0,0.0,0.03594544198777941,0.031851516829596624,0.0,0.0,0.0,0.0,0.0,0.0,0.0,0.0,0.0,0.0431765615940094,0.0,0.021903351501182274,0.0,0.0,0.013152665562099881,0.0,8
9,0.0,0.0,0.0,0.0,0.1503311533194322,0.0,0.0,0.0,0.0,0.0,0.0,0.0,0.0,0.0,0.0,0.0,0.0,0.0,0.0,0.0,0.026257833609214194,0.0,0.06954062443513137,0.0,0.0,0.0,0.0,9
10,0.0,0.0,0.0,0.0,0.0975153458615144,0.0,0.0,0.0,0.02941892296075821,0.0,0.0,0.0,0.0,0.0,0.0,0.0,0.0,0.0,0.0,0.02720466007788976,0.015044964849948883,0.0,0.0,0.0,0.0,0.0,0.0,10
11,0.0,0.0,0.0,0.0,0.11071142554283142,0.0,0.0,0.0,0.0,0.02260051667690277,0.0,0.0,0.0,0.0,0.0,0.0,0.0,0.0,0.0,0.0,0.09355369752103632,0.0,0.025460216132077305,0.0,0.0,0.0,0.0,11
12,0.0,0.0,0.0,0.0,0.08385048270225524,0.0,0.0,0.0,0.0,0.0,0.0,0.0,0.0,0.0,0.0,0.0,0.0,0.0,0.0,0.0,0.10023059844970703,0.0,0.0,0.0,0.0,0.0,0.0,12
13,0.0,0.0,0.0,0.0,0.21166750903312975,0.0,0.0,0.0,0.0,0.0,0.0,0.0,0.0,0.0,0.0,0.0,0.0,0.0,0.0,0.0,0.03392105606886057,0.0,0.036751737961402305,0.0,0.0,0.0,0.0,13
14,0.0,0.0,0.0,0.0,0.09480937614160426,0.0,0.0,0.0,0.0,0.0,0.0,0.0,0.0,0.0,0.0,0.0,0.0,0.0,0.0,0.0,0.037771796478944665,0.0,0.0,0.0,0.0,0.0,0.0,14
15,0.0,0.0,0.0,0.0,0.16391601786017418,0.0,0.0,0.0,0.0,0.0,0.0,0.0,0.0,0.0,0.0,0.0,0.0,0.0,0.0,0.0,0.03661466855555773,0.0,0.017946377396583557,0.0,0.0,0.0,0.0,15
16,0.02605893782206944,0.0,0.0,0.0,0.034785600645201545,0.02570552272456033,0.0,0.0,0.0,0.0,0.0,0.0,0.0,0.0,0.0,0.0,0.0,0.0,0.0,0.0,0.01453969201871327,0.0,0.032945070947919576,0.0,0.0,0.0,0.0,16
17,0.0,0.0,0.0,0.0,0.12424182891845703,0.06650676471846444,0.0,0.0,0.0,0.0,0.0,0.0,0.0,0.0,0.0,0.0,0.0,0.0,0.0,0.0,0.0,0.0,0.0,0.0,0.0,0.0,0.0,17
18,0.03286842847692555,0.0,0.0,0.0,0.10505146096492636,0.0,0.0,0.0,0.0,0.0,0.0,0.0,0.0,0.0,0.0,0.0,0.0,0.0,0.0,0.0,0.08624837316315749,0.0,0.0,0.0,0.0,0.0,0.0,18
19,0.0,0.0,0.0,0.0,0.09800277374408863,0.0,0.0,0.0,0.0,0.0,0.0,0.0,0.0,0.0,0.0,0.0,0.0,0.0,0.0,0.0,0.0,0.0,0.0,0.022226547753369366,0.0,0.0,0.0,19
20,0.0,0.0,0.0,0.0,0.042781351850583,0.0,0.0,0.0,0.0,0.0,0.0,0.0,0.0,0.0,0.0,0.0,0.0,0.0,0.0,0.0,0.03770195750089792,0.0,0.02568513613480788,0.0,0.0,0.0,0.0,20
21,0.04991006851196289,0.0,0.0,0.0,0.028309587102669936,0.0,0.0,0.0,0.0,0.0,0.0,0.0,0.0,0.0,0.0,0.0,0.0,0.0,0.0,0.0,0.052238559493651755,0.0,0.0,0.0,0.0,0.0,0.0,21
22,0.0,0.0,0.0,0.0,0.2731733486570161,0.0,0.0,0.0,0.0,0.0,0.0,0.0,0.0,0.0,0.0,0.0,0.0,0.0,0.0,0.0,0.05361257955945771,0.0,0.0,0.0,0.0,0.0,0.0,22
23,0.0,0.0,0.0,0.0,0.0889700326052579,0.0,0.0,0.0,0.0,0.0,0.017972799864682285,0.0,0.0,0.0,0.0,0.0,0.0,0.0,0.0,0.0,0.01955000107938593,0.0,0.03132010048085993,0.0,0.0,0.0,0.0,23
24,0.021103962775199644,0.0,0.0,0.0,0.09429311944592383,0.0,0.0,0.0,0.0,0.0,0.0,0.0,0.0,0.0,0.0,0.0,0.0,0.0,0.0,0.0,0.013446392551545174,0.0,0.013411184472422446,0.0,0.0,0.0,0.0,24
25,0.03362529236694862,0.0,0.0,0.0,0.14657858836239782,0.0,0.0,0.0,0.0,0.0,0.0,0.0,0.0,0.0,0.0,0.0,0.0,0.0,0.0,0.0,0.11985965638325133,0.0,0.0,0.0,0.0,0.0,0.0,25
26,0.0,0.0,0.0,0.0,0.14161658698114857,0.028223545386873442,0.0,0.0,0.0,0.0,0.0,0.0,0.0,0.0,0.0,0.018722491017703353,0.0,0.0,0.0,0.0,0.0740867935377976,0.0,0.03370588812334784,0.018593372969791806,0.0,0.0,0.0,26
27,0.0,0.0,0.0,0.0,0.09711279630661011,0.0,0.016977773904800417,0.0,0.0,0.0,0.0,0.0,0.0,0.0,0.0,0.0,0.0,0.0,0.0,0.0,0.0,0.0,0.015532855987548827,0.0,0.0,0.0,0.0,27
28,0.0,0.0,0.0,0.0,0.14208344013794608,0.0,0.0,0.0,0.0,0.0,0.0,0.0,0.0,0.0,0.0,0.0,0.0,0.0,0.0,0.0,0.03137860090836235,0.0,0.0,0.0,0.0,0.0,0.0,28
29,0.0,0.0,0.0,0.0,0.08183546249683087,0.013398255293185894,0.0,0.0,0.02651150868489192,0.0,0.0,0.0,0.0,0.0,0.0,0.0,0.0,0.0,0.0,0.0,0.06603123820745029,0.0,0.0,0.0,0.0,0.0,0.0,29
30,0.026315942958549218,0.0,0.0,0.0,0.16074879522676822,0.0,0.0,0.0,0.0,0.0,0.0,0.0,0.0,0.0,0.0,0.0,0.0,0.0,0.0,0.0,0.05142512144865813,0.0,0.0,0.0,0.0,0.0,0.0,30
31,0.015700162450472514,0.0,0.0,0.0,0.10869908332824707,0.0,0.0,0.0,0.0,0.0,0.0,0.0,0.0,0.0,0.0,0.0,0.0,0.0,0.0,0.0,0.1392981578906377,0.0,0.0,0.0,0.0,0.0,0.0,31
32,0.0,0.0,0.0,0.0,0.13143487334251402,0.015125062465667725,0.0,0.0,0.0,0.0,0.0,0.0,0.0,0.0,0.0,0.0,0.0,0.0,0.0,0.0,0.032687389850616456,0.0,0.04506220579147339,0.0,0.0,0.0,0.0,32
33,0.029681543509165447,0.0,0.0,0.0,0.09411645658088452,0.0,0.0,0.0,0.0,0.0,0.0,0.0,0.0,0.0,0.0,0.0,0.0,0.0,0.0,0.0,0.02302703803235834,0.0,0.010765153350252094,0.0,0.0,0.0,0.0,33
34,0.0,0.0,0.0,0.0,0.13442402872545967,0.0,0.0,0.0,0.0,0.0,0.0,0.0,0.0,0.0,0.0,0.0,0.0,0.0,0.0,0.0,0.025994997600029254,0.0,0.0,0.0,0.0,0.0,0.0,34
35,0.0,0.0,0.0,0.022850642204284666,0.05354255437850952,0.0,0.0,0.0,0.0,0.06384237289428711,0.020971550941467285,0.0,0.0,0.0,0.0,0.0,0.0,0.0,0.0,0.0,0.0,0.0,0.04544629454612732,0.0,0.0,0.0,0.0,35
36,0.0,0.0,0.0,0.0,0.1570296464142976,0.0,0.0,0.0,0.017204253761856643,0.0,0.0,0.0,0.0,0.0,0.0,0.0,0.0,0.0,0.0,0.0,0.06477103189185814,0.0,0.017247084114286635,0.0,0.0,0.0,0.0,36
37,0.0,0.0,0.0,0.0,0.20733702182769775,0.0,0.0,0.0,0.0,0.0,0.0,0.0,0.0,0.0,0.0,0.0,0.0,0.0,0.0,0.0,0.06258058547973633,0.0,0.0,0.0,0.0,0.0,0.0,37
38,0.0,0.0,0.0,0.0,0.05426003193033153,0.0,0.0,0.0,0.032858712919827164,0.0,0.0,0.0,0.0,0.0,0.0,0.0,0.0,0.0,0.0,0.0,0.06636909472531285,0.0,0.0,0.0,0.0,0.0,0.0,38
39,0.0,0.0,0.0,0.0,0.2515115221341451,0.0,0.0,0.0,0.0,0.0,0.0,0.0,0.0,0.0,0.0,0.0,0.0,0.0,0.0,0.0,0.06448519825935364,0.0,0.0,0.0,0.0,0.0,0.0,39
40,0.026056583111102764,0.0,0.0,0.0,0.049695413846236006,0.0,0.0,0.0,0.0,0.0,0.0,0.0,0.0,0.0,0.0,0.0,0.0,0.0,0.0,0.0,0.043163379797568686,0.0,0.02882976486132695,0.0,0.0,0.0,0.0,40
41,0.0,0.0,0.0,0.0,0.11618134379386902,0.010443405248224735,0.0,0.0,0.0,0.09420408681035042,0.0,0.0,0.0,0.0,0.0,0.0,0.0,0.0,0.0,0.0,0.0,0.0,0.02724984660744667,0.0,0.0,0.0,0.0,41
42,0.0,0.0,0.0,0.0,0.17810919991245977,0.0,0.0,0.0,0.0,0.0,0.03672892296755755,0.0,0.0,0.0,0.0,0.03685410155190362,0.0,0.0,0.0,0.0,0.06860411387902719,0.0,0.0504079383832437,0.0,0.0,0.0,0.0,42
43,0.0,0.0,0.0,0.0,0.013675229115919634,0.0,0.0,0.0,0.0,0.0,0.0,0.0,0.0,0.0,0.0,0.0,0.0,0.0,0.0,0.0,0.0,0.0,0.025759420611641624,0.0,0.0,0.0,0.0,43
44,0.0,0.0,0.0,0.0,0.05363977299286769,0.0,0.0,0.0,0.0,0.0,0.0,0.0,0.0,0.0,0.0,0.0,0.0,0.0,0.0,0.0,0.0,0.0,0.0,0.0,0.0,0.0,0.0,44
45,0.0,0.0,0.0,0.0,0.08760532634011631,0.0,0.0,0.0,0.0,0.0,0.0,0.0,0.0,0.0,0.0,0.0303567072440838,0.0,0.0,0.0,0.0,0.024848635854392218,0.0,0.07442621013213849,0.0,0.0,0.0,0.0,45
46,0.04157934144691185,0.0,0.0,0.0,0.034469260109795466,0.0,0.0,0.0,0.030364787137066876,0.016421283836717957,0.0,0.0,0.0,0.0,0.0,0.0,0.0,0.0,0.0,0.0,0.0,0.0,0.04134200016657511,0.0,0.0,0.0,0.0,46
47,0.0,0.0,0.0,0.0,0.0,0.0,0.0,0.0,0.0,0.012824042700231075,0.0,0.0,0.0,0.0,0.0,0.0,0.0,0.0,0.0,0.0,0.04128816444426775,0.0,0.02535097301006317,0.0,0.0,0.0,0.0,47
48,0.0,0.0,0.0,0.0,0.1449738388711756,0.019726295362819325,0.0,0.0,0.0,0.034937752918763595,0.0,0.0,0.0,0.0,0.0,0.0,0.0,0.0,0.0,0.0,0.11831377040256154,0.0,0.0987078682942824,0.0,0.0,0.0,0.0,48
49,0.015058177709579467,0.0,0.0,0.0,0.11216596484184266,0.0,0.0,0.0,0.0,0.0,0.0,0.0,0.0,0.0,0.0,0.0,0.0,0.0,0.0,0.0,0.03899306774139404,0.0,0.0,0.0,0.0,0.0,0.0,49
50,0.07059059256599062,0.0,0.0,0.0,0.2646605571111043,0.0,0.0,0.0,0.0,0.0,0.0,0.0,0.0,0.0,0.0,0.01984852978161403,0.0,0.0,0.0,0.0,0.11304761540322077,0.0,0.06013217000734238,0.015312163602738153,0.0,0.0,0.0,50
51,0.0,0.0,0.0,0.0,0.07783836126327515,0.0,0.0,0.0,0.0,0.0,0.0,0.0,0.0,0.0,0.0,0.0,0.0,0.0,0.0,0.0,0.0,0.0,0.0,0.0,0.0,0.0,0.0,51
52,0.0,0.0,0.0,0.0,0.06848924110333125,0.01610823596517245,0.0,0.0,0.0,0.06201364596684774,0.0,0.0,0.0,0.0,0.0,0.0,0.0,0.0,0.0,0.0,0.0,0.0,0.02744647612174352,0.0,0.0,0.0,0.0,52
53,0.04079976429541906,0.0,0.0,0.0,0.23484421024719873,0.0,0.0,0.0,0.0,0.0,0.0,0.0,0.0,0.012737332532803217,0.0,0.0,0.0,0.0,0.0,0.0,0.06380178158481915,0.0,0.0,0.0,0.0,0.0,0.0,53
54,0.0,0.0,0.0,0.0,0.14262441373788393,0.0,0.0,0.0,0.0,0.03532275786766639,0.0,0.0,0.0,0.0,0.0,0.0,0.0,0.0,0.0,0.0,0.08793488144874573,0.0,0.023898583192091722,0.0,0.0,0.0,0.0,54
55,0.026892075667510163,0.0,0.0,0.0,0.08312726181906623,0.0,0.0,0.0,0.0,0.015372118434390507,0.017506984440056054,0.0,0.0,0.0,0.0,0.0,0.0,0.0,0.0,0.0,0.04395578197530798,0.0,0.03704724360156704,0.0,0.0,0.0,0.0,55
56,0.0,0.0,0.0,0.0,0.17747148474057514,0.024984174966812135,0.0,0.0,0.0,0.0,0.0,0.0,0.0,0.0,0.0,0.0,0.0,0.0,0.0,0.0,0.050700356562932335,0.0,0.05679956475893656,0.0,0.0,0.0,0.0,56
57,0.0,0.0,0.0,0.0,0.14375755320424619,0.0,0.0,0.0,0.018558147160903267,0.0,0.0,0.0,0.0,0.0,0.0,0.0,0.0,0.0,0.0,0.0,0.0447088713231294,0.0,0.057692789513131844,0.0,0.0,0.0,0.0,57
58,0.0,0.0,0.0,0.0,0.08419829347859258,0.0,0.0,0.0,0.0,0.0,0.0,0.0,0.0,0.0,0.0,0.0,0.0,0.0,0.0,0.0,0.10879793115284132,0.0,0.039751985798711365,0.0,0.0,0.0,0.0,58
59,0.0,0.0,0.0,0.028899910194533213,0.034039744309016635,0.0,0.0,0.0,0.0,0.0,0.03504801648003714,0.0,0.0,0.0,0.0,0.0,0.0,0.0,0.0,0.0,0.013439901173114777,0.0,0.0,0.0,0.0,0.0,0.0,59
60,0.0,0.0,0.0,0.0,0.05873750820755959,0.018974609673023224,0.0,0.0,0.0,0.026096194237470626,0.0,0.0,0.0,0.0,0.0,0.0,0.0,0.0,0.0,0.0,0.009700778126716613,0.0,0.020923101902008058,0.0,0.0,0.011950913071632385,0.0,60
61,0.034737535885402133,0.0,0.0,0.0,0.23053075798920222,0.0,0.0,0.0,0.0,0.0,0.0,0.0,0.0,0.0,0.0,0.0,0.0,0.0,0.0,0.0,0.02438820685659136,0.0,0.012266690177576882,0.0,0.0,0.0,0.0,61
62,0.0,0.0,0.0,0.0,0.037647862434387204,0.0,0.0,0.0,0.0,0.028853495121002198,0.0,0.0,0.0,0.0,0.0,0.0,0.0,0.0,0.0,0.0,0.057262566089630124,0.0,0.03656329393386841,0.0,0.0,0.0,0.0,62
63,0.0,0.0,0.0,0.0,0.029866911746837473,0.0,0.0,0.0,0.0,0.01159852632769832,0.0,0.0,0.0,0.0,0.0,0.0,0.0,0.0,0.0,0.0,0.06525166387911197,0.0,0.05120218020898325,0.0,0.0,0.023271587159898546,0.0,63
64,0.041124366480728675,0.0,0.0,0.0,0.18301620360078483,0.0,0.0,0.0,0.0,0.0,0.0,0.0,0.0,0.0,0.0,0.0,0.0,0.0,0.0,0.0,0.04969842372269466,0.011447833529834089,0.020528302110474687,0.0,0.0,0.0,0.0,64
65,0.024580450994627818,0.0,0.0,0.0,0.14785441330501012,0.0,0.0,0.0,0.0,0.0,0.0,0.0,0.0,0.0,0.0,0.0,0.0,0.0,0.0,0.0,0.08575462230614253,0.0,0.0,0.0,0.0,0.0,0.0,65
66,0.0,0.0,0.0,0.0,0.18730560938517252,0.0,0.0,0.0,0.0,0.0,0.0,0.0,0.0,0.0,0.0,0.0,0.0,0.0,0.0,0.0,0.0412350669503212,0.0,0.0,0.0,0.0,0.0,0.0,66
67,0.061318237866674154,0.0,0.0,0.0,0.2693493068218231,0.013806965734277452,0.0,0.0,0.0,0.0,0.0,0.0,0.0,0.0,0.0,0.0,0.0,0.0,0.0,0.0,0.15683420853955404,0.0,0.047647504934242794,0.018134344901357378,0.0,0.0,0.0,67
68,0.0,0.0,0.0,0.0,0.14057352451177743,0.0,0.0,0.0,0.016135417498075046,0.0,0.0,0.0,0.0,0.0,0.0,0.0,0.0,0.0,0.0,0.0,0.10590565204620361,0.0,0.0,0.0,0.0,0.0,0.0,68
69,0.0,0.0,0.0,0.0,0.09102389588952065,0.0,0.0,0.0,0.0,0.0,0.0,0.0,0.0,0.0,0.0,0.0,0.0,0.0,0.0,0.0,0.1104343980550766,0.0,0.025760747492313385,0.0,0.0,0.0,0.0,69
70,0.0,0.0,0.0,0.0,0.06876358017325401,0.0,0.0,0.0,0.0,0.0,0.0,0.0,0.0,0.0,0.0,0.0,0.0,0.0,0.0,0.0,0.012007067911326885,0.0,0.0,0.0,0.0,0.0,0.0,70
71,0.0,0.0,0.0,0.0,0.031073974370956423,0.0,0.0,0.0,0.0,0.0,0.035463459491729736,0.0,0.0,0.0,0.0,0.0,0.0,0.0,0.0,0.0,0.03822517871856689,0.0,0.0,0.0,0.0,0.0,0.0,71
72,0.0,0.0,0.0,0.0,0.020899693965911865,0.0,0.0,0.0,0.0,0.0,0.0,0.0,0.0,0.0,0.0,0.0,0.0,0.0,0.0,0.0,0.0,0.0,0.0,0.024263527393341065,0.0,0.0,0.0,72
73,0.0,0.0,0.0,0.0,0.06981671849886577,0.0,0.017025682059201328,0.0,0.0,0.0,0.0,0.0,0.0,0.0,0.0,0.0,0.0,0.0,0.0,0.0,0.059559831113526314,0.0,0.07955745675347069,0.0,0.0,0.0,0.0,73
74,0.0,0.0,0.0,0.0,0.0,0.0,0.0,0.0,0.0,0.0,0.0,0.0,0.0,0.0,0.0,0.0,0.0,0.0,0.0,0.0,0.0,0.0,0.05828926392963955,0.0,0.0,0.0,0.0,74
75,0.03677997489770254,0.0,0.0,0.0,0.2661583796143532,0.0,0.0,0.0,0.0,0.0,0.0,0.0,0.0,0.0,0.0,0.0,0.0,0.0,0.0,0.0,0.0343424528837204,0.0,0.014575896163781485,0.0,0.0,0.0,0.0,75
76,0.0,0.0,0.0,0.0,0.08983936409155528,0.0,0.0,0.0,0.0,0.0,0.0,0.0,0.0,0.0,0.0,0.0,0.0,0.0,0.0,0.0,0.056271114697059,0.0,0.0135990542670091,0.0,0.0,0.0,0.0,76
77,0.0,0.0,0.0,0.0,0.11159710049629211,0.0,0.0,0.0,0.0,0.03303522825241089,0.0,0.0,0.0,0.0,0.0,0.0,0.0,0.0,0.0,0.0,0.014560381174087525,0.0,0.013632534742355347,0.0,0.0,0.0,0.0,77
78,0.0,0.0,0.0,0.0,0.12918186839669943,0.0,0.0,0.0,0.0,0.0,0.0,0.0,0.0,0.0,0.0,0.0,0.0,0.0,0.0,0.0,0.0,0.0,0.04170936532318592,0.0,0.0,0.0,0.0,78
79,0.0,0.0,0.0,0.0,0.022493178645769756,0.0,0.0,0.0,0.034941889345645905,0.0,0.0,0.0,0.0,0.0,0.0,0.01330299178759257,0.0,0.0,0.0,0.0,0.04671394204099973,0.0,0.06839092075824738,0.0,0.0,0.0,0.0,79
80,0.0,0.0,0.0,0.0,0.036505356431007385,0.0,0.0,0.0,0.0,0.0,0.0,0.0,0.0,0.0,0.0,0.0,0.0,0.0,0.0,0.0,0.0,0.0,0.0,0.0,0.0,0.0,0.0,80
81,0.0,0.0,0.0,0.0,0.07547311599438007,0.0,0.0,0.0,0.0,0.03836349569834196,0.0,0.0,0.0,0.0,0.0,0.0,0.0,0.0,0.0,0.0,0.029893659628354587,0.0,0.0,0.0,0.0,0.0,0.0,81
82,0.0,0.0,0.0,0.0,0.08689516553511986,0.0,0.0,0.0,0.0,0.0,0.0,0.0,0.0,0.0,0.0,0.0,0.0,0.0,0.0,0.0,0.1648822919680522,0.0,0.03485087935741131,0.0,0.0,0.0,0.0,82
83,0.0,0.0,0.0,0.0,0.0,0.0,0.0,0.0,0.0,0.0,0.0,0.0,0.0,0.0,0.0,0.0,0.0,0.0,0.0,0.0,0.0,0.0,0.0,0.0,0.0,0.0,0.0,83
84,0.0,0.0,0.0,0.0,0.10871811643723518,0.0,0.0,0.0,0.0,0.0,0.0,0.0,0.0,0.0,0.0,0.0,0.0,0.0,0.0,0.0,0.05025856052675555,0.0,0.04673305442256312,0.0,0.0,0.0,0.0,84
85,0.02372021198272705,0.0,0.0,0.0,0.20040398836135864,0.0,0.0,0.0,0.0,0.0,0.0,0.0,0.0,0.0,0.0,0.0,0.0,0.0,0.0,0.0,0.03959615707397461,0.0,0.0,0.0,0.0,0.0,0.0,85
86,0.0,0.0,0.0,0.0,0.11733546750298862,0.0,0.0,0.0,0.0,0.0,0.0,0.0,0.0,0.0,0.0,0.0,0.0,0.0,0.0,0.0,0.023786104958632898,0.0,0.04386693650278552,0.0,0.0,0.0,0.0,86
87,0.0,0.0,0.0,0.0,0.01910881343342009,0.02509115423474993,0.0,0.0,0.0,0.0,0.0,0.0,0.0,0.0,0.0,0.0,0.0,0.0,0.0,0.0,0.0453842111996242,0.0,0.10474680293174017,0.0,0.0,0.0,0.0,87
88,0.0,0.0,0.0,0.0,0.12178724545698899,0.0,0.0,0.0,0.0,0.0,0.0,0.0,0.0,0.0,0.0,0.0,0.0,0.0,0.0,0.0,0.0,0.0,0.0,0.0,0.0,0.0,0.0,88
89,0.0,0.0,0.0,0.029321436698620137,0.15961994345371538,0.0,0.0,0.0,0.0,0.0,0.0,0.0,0.0,0.0,0.0,0.0,0.0,0.0,0.0,0.0,0.03781250577706557,0.0,0.0,0.0,0.0,0.0,0.0,89
90,0.03623243903412538,0.0,0.0,0.0,0.08205196086098165,0.0,0.0,0.0,0.0,0.0,0.0,0.0,0.0,0.0,0.0,0.0,0.0,0.0,0.0,0.022829651832580566,0.045519564081640804,0.0,0.015933715245302987,0.0,0.0,0.0,0.0,90
91,0.0,0.0,0.0,0.0,0.051112167892001924,0.0,0.0,0.0,0.0,0.06173278462319147,0.0,0.0,0.0,0.0,0.0,0.0,0.0,0.0,0.0,0.0,0.0981662358556475,0.0,0.06404953059696016,0.0,0.0,0.0,0.0,91
92,0.0,0.0,0.0,0.0,0.033068366050720215,0.0,0.015320874452590942,0.0,0.0,0.06295598030090332,0.0,0.0,0.0,0.0,0.0,0.0,0.0,0.0,0.0,0.0,0.03411012411117554,0.0,0.054927582740783694,0.0,0.0,0.0,0.0,92
93,0.0,0.0,0.0,0.0,0.030977328618367512,0.0,0.0,0.0,0.0,0.0,0.0,0.0,0.0,0.0,0.0,0.0,0.0,0.0,0.0,0.0,0.07900680215270431,0.0,0.0279538631439209,0.0,0.0,0.0,0.0,93
94,0.0,0.0,0.0,0.0,0.0,0.0,0.03296517133712769,0.0,0.0,0.0,0.032806519667307535,0.0,0.0,0.0,0.0,0.0,0.0,0.0,0.0,0.0,0.046629665295283,0.0,0.027849557002385457,0.0,0.0,0.0,0.0,94
95,0.0,0.0,0.0,0.0,0.056761594919057995,0.0,0.0,0.0,0.0,0.0,0.0,0.0,0.0,0.0,0.0,0.01615936137162722,0.0,0.0,0.0,0.0,0.12056102660986093,0.0,0.029207614751962516,0.0,0.0,0.0,0.0,95
96,0.0,0.0,0.0,0.0,0.11783521994948387,0.0,0.0,0.0,0.0,0.0,0.0,0.0,0.0,0.0,0.0,0.0,0.0,0.0,0.0,0.0,0.029514595866203308,0.0,0.037058585323393345,0.0,0.0,0.0,0.0,96
97,0.0,0.0,0.0,0.0,0.12180243645395551,0.0,0.0,0.0,0.0,0.02974238565989903,0.0,0.0,0.0,0.0,0.0,0.0,0.0,0.0,0.0,0.0,0.06196613609790802,0.0,0.0,0.0,0.0,0.0,0.0,97
98,0.0,0.0,0.0,0.0,0.18079615774608793,0.0,0.0,0.0,0.0,0.0,0.0,0.0,0.0,0.0,0.0,0.0,0.0,0.0,0.0,0.0,0.044451744783492314,0.0,0.04546555167152768,0.0,0.0,0.0,0.0,98
99,0.0,0.0,0.0,0.0,0.07944800811154502,0.0,0.0,0.0,0.0,0.0,0.0,0.0,0.0,0.0,0.0,0.0,0.0,0.0,0.0,0.0,0.11510748948369708,0.0,0.061949734176908224,0.0,0.0,0.0,0.0,99
100,0.0,0.0,0.0,0.0,0.22013983641351972,0.0,0.0,0.0,0.0,0.0,0.0,0.0,0.0,0.0,0.0,0.0,0.0,0.0,0.0,0.0,0.12304752469062805,0.0,0.011660315309252057,0.0,0.0,0.02501141003199986,0.0,100
101,0.0,0.0,0.0,0.0,0.08824833234151204,0.0,0.03059010278610956,0.0,0.0,0.0,0.0,0.0,0.0,0.0,0.0,0.0,0.0,0.0,0.0,0.0,0.04347198350088937,0.0,0.039534951959337504,0.0,0.0,0.0,0.0,101
102,0.0,0.0,0.0,0.0,0.15284122797575864,0.03593807328831066,0.0,0.0,0.0,0.0,0.0,0.0,0.0,0.0,0.0,0.0,0.0,0.0,0.0,0.0,0.07642433047294617,0.0,0.0,0.0,0.0,0.0,0.0,102
103,0.020911055642205315,0.0,0.0,0.0,0.04950578631581487,0.0,0.0,0.0,0.0,0.0,0.0,0.0,0.0,0.0,0.0,0.0,0.0,0.0,0.0,0.0,0.07209370104042259,0.0,0.02792516431292972,0.0,0.0,0.0,0.0,103
104,0.0,0.0,0.0,0.0,0.19043216974504532,0.0,0.0,0.0,0.0,0.0,0.0,0.0,0.0,0.0,0.0,0.0,0.0,0.0,0.0,0.0,0.08024283570628013,0.0,0.018936337963227304,0.0,0.0,0.0,0.0,104
105,0.0,0.0,0.0,0.0,0.2392962700442264,0.0,0.0,0.0,0.0,0.0,0.0,0.0,0.0,0.0,0.0,0.0,0.0,0.0,0.0,0.0,0.11216723134643153,0.0,0.10797124473672164,0.0,0.0,0.0,0.0,105
106,0.0,0.0,0.0,0.0,0.07343881018459797,0.0,0.0,0.0,0.0,0.0,0.0,0.0,0.0,0.0,0.0,0.0,0.0,0.0,0.0,0.0,0.09412218350917101,0.0,0.02952154539525509,0.0,0.0,0.0,0.0,106
107,0.0,0.0,0.0,0.0,0.11284987964937764,0.0,0.0,0.0,0.028217036877909014,0.0,0.0,0.0,0.0,0.0,0.0,0.0,0.0,0.0,0.0,0.0,0.0,0.0,0.015199921784862395,0.0,0.0,0.0,0.0,107
108,0.0,0.0,0.0,0.0,0.0,0.0,0.0,0.0,0.0,0.0,0.0,0.0,0.0,0.0,0.0,0.0,0.0,0.0,0.0,0.0,0.02389067852938617,0.0,0.011319328237462926,0.0,0.0,0.0,0.0,108
109,0.03399532515069713,0.0,0.0,0.0,0.17308992536171622,0.0,0.0,0.0,0.0,0.0,0.0,0.0,0.0,0.0,0.0,0.0,0.0,0.0,0.0,0.0,0.10856881608133731,0.0,0.09831533483836961,0.0,0.0,0.0,0.0,109
110,0.0,0.0,0.0,0.0,0.1581556730800205,0.0,0.0,0.0,0.0,0.0,0.0,0.0,0.0,0.0,0.0,0.0,0.0,0.0,0.0,0.0,0.10062305794821845,0.0,0.0,0.0,0.0,0.0,0.0,110
111,0.0,0.0,0.0,0.0,0.09805032445324792,0.0,0.0,0.0,0.0,0.0,0.0,0.0,0.0,0.0,0.0,0.0,0.0,0.0,0.0,0.0,0.12399735715654162,0.0,0.0730638239118788,0.0,0.0,0.0,0.0,111
112,0.033723273277282716,0.0,0.0,0.0,0.06406150341033935,0.0,0.0,0.0,0.020645954608917237,0.0,0.0,0.0,0.0,0.0,0.0,0.0,0.0,0.0,0.0,0.0,0.09985339164733886,0.0,0.0,0.0,0.0,0.0,0.0,112
113,0.0,0.0,0.0,0.0,0.09370040893554688,0.0,0.0,0.0,0.0,0.04378906488418579,0.0,0.0,0.0,0.0,0.0,0.0,0.0,0.0,0.0,0.0,0.06490680873394013,0.0,0.0389485627412796,0.0,0.0,0.0,0.0,113
114,0.0,0.0,0.0,0.0,0.04525129955548506,0.0,0.0,0.0,0.0,0.0,0.0,0.0,0.0,0.0,0.015731232670637276,0.0,0.0,0.0,0.0,0.0,0.07090246677398682,0.0,0.0,0.0,0.0,0.0,0.0,114
115,0.0,0.0,0.0,0.0,0.05442555134113018,0.0,0.0,0.029480613194979154,0.0,0.0,0.0,0.0,0.0,0.0,0.0,0.0,0.0,0.0,0.0,0.0,0.046851192529384904,0.0,0.04021011522183052,0.0,0.0,0.0,0.0,115
116,0.0,0.0,0.0,0.022616282981984755,0.15147217056330511,0.0,0.0,0.0,0.0,0.009619737372678868,0.0,0.0,0.0,0.0,0.0,0.0,0.0,0.0,0.0,0.0,0.027746053302989286,0.0,0.040608466548078204,0.0,0.0,0.0,0.0,116
117,0.06403226086071559,0.0,0.0,0.0,0.21151359166417802,0.0,0.0,0.0,0.0,0.0,0.0,0.0,0.0,0.0,0.0,0.0,0.0,0.0,0.0,0.0,0.059135179434503825,0.0,0.0,0.0,0.0,0.0,0.0,117
118,0.019339286468245766,0.0,0.0,0.0,0.05937380140477961,0.0,0.024018173868005924,0.0,0.0,0.0,0.0,0.0,0.0,0.0,0.0,0.0,0.0,0.0,0.0,0.0,0.03861805525693027,0.0,0.0,0.0,0.0,0.0,0.0,118
119,0.0,0.0,0.0,0.0,0.09846232882861433,0.0,0.0,0.0,0.0,0.0,0.0,0.0,0.0,0.0,0.0,0.0,0.0,0.0,0.0,0.0,0.0,0.0,0.034341555217216754,0.0,0.0,0.0,0.0,119
120,0.0,0.0,0.0,0.0,0.05400737546957456,0.0,0.0,0.0,0.0,0.011566296219825745,0.0,0.0,0.0,0.0,0.0,0.0,0.0,0.0,0.0,0.0,0.07594573268523583,0.0,0.024288674959769614,0.0,0.0,0.0,0.0,120
121,0.0,0.0,0.0,0.0,0.0,0.04167892430957995,0.0,0.0,0.0,0.0,0.0,0.0,0.0,0.0,0.0,0.0,0.0,0.0,0.0,0.0,0.0,0.0,0.0,0.0,0.0,0.0,0.0,121
122,0.0,0.0,0.0,0.0,0.1373923122882843,0.0,0.0,0.0,0.0,0.0,0.0,0.0,0.0,0.0,0.0,0.0,0.0,0.0,0.0,0.0,0.04160415530204773,0.0,0.0,0.0,0.0,0.0,0.0,122
123,0.0,0.0,0.0,0.0,0.1353071928024292,0.0,0.0,0.0,0.0,0.0,0.0,0.0,0.0,0.0,0.0,0.0,0.0,0.0,0.0,0.0,0.04243467883630232,0.0,0.0,0.0,0.0,0.0,0.0,123
124,0.0,0.0,0.0,0.0,0.04326537094618145,0.032746315002441406,0.0,0.0,0.0,0.0,0.0,0.0,0.0,0.0,0.0,0.0,0.0,0.0,0.0,0.0,0.10413359654577155,0.0,0.0,0.0,0.0,0.0,0.0,124
125,0.0,0.0,0.0,0.0,0.049214291075865425,0.0,0.0,0.0,0.0,0.0,0.0,0.0,0.0,0.0,0.020129637171824772,0.0,0.0,0.0,0.0,0.0,0.0,0.0,0.04041151081522306,0.0,0.0,0.0,0.0,125
126,0.03928227186203003,0.0,0.0,0.0,0.1133185374736786,0.0,0.0,0.0,0.0,0.0,0.0,0.0,0.0,0.0,0.0,0.015300697088241577,0.0,0.0,0.0,0.0,0.016972378492355347,0.0,0.05082430720329285,0.016638444662094118,0.0,0.0,0.0,126
127,0.01854318380355835,0.0,0.0,0.0,0.10067940711975097,0.0,0.0,0.0,0.0,0.0,0.0,0.0,0.0,0.0,0.0,0.0,0.0,0.0,0.0,0.0,0.07809874534606934,0.0,0.07378937363624573,0.0,0.0,0.0,0.0,127
128,0.0,0.0,0.0,0.0,0.06915063961692479,0.0,0.0,0.0,0.0,0.0,0.0,0.0,0.0,0.0,0.0,0.0,0.0,0.0,0.0,0.0,0.035496595113173775,0.0,0.032360895820285965,0.0,0.0,0.0,0.0,128
129,0.0,0.0,0.0,0.0,0.08686425178139298,0.0,0.03471858854647036,0.0,0.0,0.0,0.0,0.0,0.0,0.0,0.0,0.019001914395226374,0.0,0.0,0.0,0.0,0.10594444032068606,0.0,0.019906357482627587,0.0,0.0,0.0,0.0,129
130,0.0,0.0,0.0,0.0,0.17019757429758708,0.0,0.0,0.0,0.0,0.0,0.0,0.0,0.0,0.0,0.0,0.0,0.0,0.0,0.0,0.0,0.03249954581260681,0.0,0.0,0.0,0.0,0.0,0.0,130
131,0.0,0.0,0.0,0.0,0.07254100129717872,0.0,0.0,0.0,0.0,0.0,0.0,0.0,0.0,0.0,0.0,0.0,0.0,0.0,0.0,0.0,0.03762994777588617,0.0,0.017838696638743084,0.0,0.0,0.0,0.0,131
132,0.0,0.0,0.0,0.0,0.11620489716529846,0.0,0.0,0.0,0.0,0.0,0.0,0.0,0.0,0.0,0.0,0.0,0.0,0.0,0.0,0.0,0.049308083057403564,0.0,0.029809287786483764,0.0,0.0,0.0,0.0,132
133,0.0,0.0,0.0,0.0,0.07730349427775333,0.07015568174813923,0.0,0.0,0.0,0.0,0.0,0.0,0.0,0.0,0.0,0.0,0.0,0.0,0.0,0.0,0.07005147400655244,0.0,0.057073702937678286,0.0,0.0,0.0,0.0,133
134,0.0,0.0,0.0,0.0,0.07690523106318253,0.0,0.0,0.0,0.0,0.0,0.0,0.0,0.0,0.0,0.0,0.0,0.0,0.0,0.0,0.0,0.038259957845394425,0.0,0.011730127609693088,0.0,0.0,0.0,0.0,134
135,0.0,0.0,0.0,0.0,0.045544037222862245,0.0,0.0,0.0,0.0,0.0,0.0,0.0,0.0,0.0,0.0,0.0,0.0,0.0,0.0,0.0,0.030173298716545106,0.0,0.0,0.0,0.0,0.0,0.0,135
136,0.0,0.0,0.0,0.0,0.16029904584089916,0.0,0.0,0.016240015625953674,0.0,0.0,0.0,0.0,0.0,0.0,0.0,0.0,0.0,0.0,0.0,0.0,0.07977726856867472,0.0,0.0,0.0,0.0,0.0,0.0,136
137,0.012337243556976319,0.0,0.0,0.0,0.1638564666112264,0.0,0.0,0.0,0.0,0.0,0.0,0.0,0.0,0.0,0.0,0.0,0.0,0.0,0.0,0.0,0.02991137107213338,0.0,0.030779772996902467,0.0,0.0,0.0,0.0,137
138,0.010858206330118952,0.0,0.0,0.0,0.08064219033395922,0.0,0.017563315662177833,0.0,0.0,0.0,0.052915065675168425,0.0,0.0,0.0,0.0,0.0,0.0,0.0,0.0,0.0,0.013735413551330566,0.0,0.0,0.0,0.0,0.0,0.0,138
139,0.0,0.0,0.0,0.0,0.014777766032652422,0.015793708237734707,0.0,0.0,0.0,0.017499797723510048,0.0,0.0,0.0,0.0,0.0,0.0,0.0,0.0,0.0,0.0,0.03515208851207386,0.0,0.05608195879242637,0.0,0.0,0.0,0.0,139
140,0.0,0.0,0.0,0.0,0.20683810942702824,0.0,0.0,0.0,0.0,0.0,0.0,0.0,0.0,0.0,0.0,0.0,0.0,0.0,0.0,0.0,0.06003182546959983,0.0,0.010599790347947015,0.0,0.0,0.0,0.0,140
141,0.0,0.0,0.0,0.0,0.03380170822143555,0.0,0.01999241590499878,0.0,0.026479573249816896,0.0,0.0,0.0,0.0,0.0,0.0,0.0,0.0,0.0,0.0,0.0,0.0,0.0,0.11050853967666625,0.0,0.0,0.0,0.0,141
142,0.04178404524212792,0.0,0.0,0.0,0.17949887968245007,0.0,0.0,0.0,0.0,0.0,0.0,0.0,0.0,0.0,0.0,0.0,0.0,0.0,0.0,0.0,0.0733325027284168,0.0,0.0,0.0,0.0,0.0,0.0,142
143,0.01373701485303732,0.0,0.0,0.0,0.07556722943599407,0.0,0.0,0.0,0.0,0.0,0.03799408903488746,0.0,0.0,0.0,0.0,0.0,0.0,0.0,0.0,0.0,0.0,0.0,0.03731446541272677,0.0,0.0,0.0,0.0,143
144,0.0,0.0,0.0,0.0,0.14429783821105957,0.0,0.0,0.0,0.0,0.0,0.0,0.0,0.0,0.0,0.0,0.0,0.0,0.0,0.0,0.0,0.0,0.0,0.03591410650147332,0.0,0.0,0.0,0.0,144
145,0.0,0.0,0.0,0.0,0.0,0.0,0.02821264021536883,0.0,0.0,0.0,0.0,0.0,0.0,0.0,0.0,0.0,0.0,0.0,0.0,0.0,0.0,0.0,0.0306278993101681,0.0,0.0,0.0,0.0,145
146,0.0,0.0,0.0,0.0,0.06945529460906982,0.015399293899536133,0.0,0.0,0.0,0.05169767141342163,0.0,0.0,0.0,0.0,0.0,0.0,0.0,0.0,0.0,0.0,0.0,0.0,0.01203741431236267,0.0,0.0,0.0,0.0,146
147,0.0,0.0,0.0,0.0,0.07060329042948209,0.0,0.0,0.0,0.0,0.0,0.0,0.0,0.0,0.0,0.0,0.0,0.0,0.0,0.0,0.0,0.03647507383273198,0.0,0.022780317526597243,0.0,0.0,0.0,0.0,147
148,0.0,0.0,0.0,0.0,0.05127459764480591,0.0,0.0,0.0,0.0,0.0,0.0,0.0,0.0,0.0,0.0,0.0,0.0,0.0,0.0,0.0,0.0,0.0,0.06566256420178847,0.0,0.0,0.0,0.0,148
149,0.0,0.0,0.0,0.0,0.042675492438403045,0.0,0.0,0.0,0.0,0.0,0.0,0.0,0.0,0.0,0.0,0.0,0.0,0.0,0.0,0.0,0.02270263433456421,0.0,0.0,0.0,0.0,0.0,0.0,149
150,0.0,0.0,0.0,0.0,0.05442514684465197,0.0,0.0,0.0,0.0,0.0,0.0,0.0,0.0,0.0,0.0,0.0,0.0,0.0,0.0,0.0,0.0,0.0,0.03625627579512419,0.0,0.0,0.0,0.0,150
151,0.0,0.0,0.0,0.0,0.16720738581248693,0.0,0.0,0.0,0.0,0.05178512100662504,0.022492870688438416,0.0,0.0,0.0,0.0,0.0,0.0,0.0,0.0,0.0,0.037382934774671285,0.0,0.02545442964349474,0.0,0.0,0.0,0.0,151
152,0.0,0.0,0.0,0.0,0.11389704725959084,0.0,0.0,0.0,0.0,0.0,0.029908754608847878,0.0,0.0,0.0,0.0,0.0,0.0,0.0,0.0,0.0,0.028178820104310005,0.0,0.013542468800689236,0.0,0.0,0.0,0.0,152
153,0.05876461588419401,0.0,0.0,0.0,0.0740870489523961,0.0,0.0,0.0,0.0,0.0,0.0,0.0,0.0,0.0,0.0,0.0,0.0,0.0,0.0,0.0,0.0,0.0,0.037426070525096014,0.0,0.0,0.0,0.0,153
154,0.0,0.0,0.0,0.0,0.12465991194431598,0.0,0.0,0.0,0.0,0.0,0.0,0.0,0.0,0.0,0.0,0.0,0.0,0.0,0.0,0.0,0.055721172919640176,0.0,0.0,0.0,0.0,0.0,0.0,154
155,0.0,0.0,0.0,0.0,0.04725704122992123,0.0,0.0554923695676467,0.0,0.041532597121070415,0.0,0.0,0.0,0.0,0.0,0.0,0.0,0.0,0.0,0.0,0.0,0.0,0.0,0.03369284377378576,0.0,0.0,0.0,0.0,155
156,0.0,0.0,0.0,0.0,0.1813050912959235,0.0,0.0,0.0,0.0,0.0,0.0,0.0,0.0,0.0,0.0,0.0,0.0,0.0,0.0,0.0,0.035186546189444404,0.0,0.03514006840331214,0.0,0.0,0.0,0.0,156
157,0.0,0.0,0.0,0.0,0.2295782132582231,0.0,0.0,0.0,0.0,0.0,0.0,0.0,0.0,0.0,0.0,0.0,0.0,0.0,0.0,0.0,0.0,0.0,0.0,0.015390806577422401,0.015019308437000622,0.0,0.0,157
158,0.0,0.0,0.0,0.0,0.12029726523905993,0.0,0.0,0.0,0.0,0.0,0.0,0.0,0.0,0.0,0.0,0.0,0.0,0.0,0.0,0.0,0.07624056376516819,0.0,0.02330399490892887,0.0,0.0,0.0,0.0,158
159,0.0,0.0,0.0,0.0,0.12184243746425795,0.0,0.0,0.0,0.0,0.03625379437985628,0.0,0.0,0.0,0.0,0.0,0.0,0.0,0.0,0.0,0.0,0.023202152355857517,0.0,0.04511030471843222,0.0,0.0,0.0,0.0,159
160,0.0,0.0,0.0,0.0,0.20449455499649047,0.0,0.0,0.0,0.0,0.0,0.0,0.0,0.0,0.0,0.0,0.0,0.0,0.0,0.0,0.0,0.020055131912231447,0.0,0.052594999074935915,0.0,0.0,0.0,0.0,160
161,0.0,0.0,0.0,0.0,0.0,0.0,0.0,0.0,0.0,0.0,0.0,0.0,0.0,0.0,0.0,0.0,0.0,0.0,0.0,0.0,0.0,0.0,0.04855111837387085,0.0,0.0,0.0,0.0,161
162,0.0,0.0,0.0,0.0,0.0985414719581604,0.0,0.0,0.0,0.0,0.035487864017486576,0.016989365816116334,0.0,0.0,0.0,0.0,0.0,0.0,0.0,0.0,0.0,0.05157436966896057,0.0,0.0,0.0,0.0,0.0,0.0,162
163,0.0,0.0,0.0,0.03062148440268732,0.10807644551800143,0.0,0.023624062538146973,0.0,0.0,0.0,0.0,0.0,0.0,0.0,0.0,0.0,0.0,0.0,0.0,0.0,0.06115874744230701,0.0,0.04057960356435468,0.0,0.0,0.0,0.0,163
164,0.009774876710696098,0.0,0.0,0.0,0.025301514527736567,0.0,0.0,0.0,0.0,0.0,0.0,0.0,0.0,0.0,0.0,0.0,0.0,0.0,0.0,0.0,0.017705148611313257,0.0,0.0,0.0,0.0,0.0,0.0,164
165,0.011234426072665624,0.0,0.0,0.0,0.15605531207152776,0.0,0.0,0.0,0.0,0.0,0.0,0.0,0.0,0.0,0.0,0.0,0.0,0.0,0.0,0.0,0.03952981744493757,0.0,0.03212649694510868,0.0,0.0,0.0,0.0,165
166,0.0,0.0,0.0,0.0,0.03167830780148506,0.0,0.0,0.0,0.0,0.0,0.0,0.0,0.0,0.0,0.0,0.0,0.0,0.0,0.0,0.0,0.0,0.0,0.01462885985771815,0.0,0.0,0.0,0.0,166
167,0.0,0.0,0.0,0.0,0.041744978197159305,0.0,0.0,0.0,0.0,0.0,0.0,0.0,0.0,0.0,0.0,0.0,0.0,0.0,0.0,0.0,0.0270149496293837,0.0,0.013599943730138963,0.0,0.0,0.0,0.0,167
168,0.0,0.0,0.0,0.0,0.03682327958253714,0.0,0.0,0.0,0.0,0.01698587605586419,0.0,0.0,0.0,0.0,0.0,0.0,0.0,0.0,0.0,0.0,0.0,0.0,0.04891533232652224,0.0,0.0,0.0,0.0,168
169,0.0,0.0,0.0,0.0,0.16081145535344663,0.02115588991538338,0.0,0.0,0.0,0.0,0.0,0.0,0.0,0.0,0.0,0.0,0.0,0.0,0.0,0.0,0.0,0.0,0.0583754855653514,0.0,0.0,0.0,0.0,169
170,0.0,0.0,0.0,0.0,0.06412862000926849,0.024858393976765293,0.0,0.0,0.0,0.0,0.0,0.0,0.0,0.0,0.0,0.0,0.0,0.0,0.0,0.0,0.13104600675644412,0.0,0.0,0.0,0.0,0.0,0.0,170
171,0.014758877713104775,0.0,0.0,0.0,0.12566686498707738,0.0,0.0,0.0,0.0,0.026581887541146113,0.0,0.0,0.0,0.0,0.0,0.0,0.0,0.0,0.0,0.0,0.06132935963827988,0.0,0.10031360182268866,0.0,0.0,0.0,0.0,171
172,0.0,0.0,0.0,0.0,0.12398515741030375,0.0,0.0,0.0,0.0,0.0,0.0,0.0,0.0,0.0,0.0,0.0,0.0,0.0,0.0,0.0,0.0,0.0,0.02968884805838267,0.0,0.0,0.0,0.0,172
173,0.0,0.0,0.0,0.0,0.199542338848114,0.0,0.0,0.0,0.0,0.0,0.0,0.0,0.0,0.0,0.0,0.0,0.0,0.0,0.0,0.0,0.0,0.0,0.020881266593933107,0.0,0.0,0.0,0.0,173
174,0.012024277640927223,0.0,0.0,0.0,0.12726135792270785,0.0,0.0,0.0,0.0,0.020061840934138143,0.017523748259390553,0.0,0.0,0.0,0.0,0.0,0.0,0.0,0.0,0.0,0.0,0.0,0.015561476830513246,0.0,0.0,0.0,0.0,174
175,0.0,0.0,0.0,0.0,0.11565702882680026,0.0,0.0,0.0,0.0,0.0,0.0,0.0,0.0,0.0,0.0,0.0,0.0,0.0,0.0,0.0,0.0,0.0,0.0,0.0,0.0,0.0,0.0,175
176,0.0,0.0,0.0,0.0,0.1111112325279801,0.0,0.0,0.0,0.0,0.0,0.0,0.0,0.0,0.0,0.0,0.0,0.0,0.0,0.0,0.0,0.04871612456109789,0.0,0.020750818429169832,0.0,0.0,0.0,0.0,176
177,0.0,0.0,0.0,0.0,0.08202560297374067,0.035496536000021575,0.0,0.0,0.0,0.0,0.0,0.0,0.0,0.0,0.0,0.0,0.0,0.0,0.0,0.0,0.10068444959048567,0.0,0.0,0.0,0.0,0.0,0.0,177
178,0.0,0.0,0.0,0.0,0.070919429063797,0.0,0.0,0.03902539014816284,0.0,0.0,0.0,0.0,0.0,0.0,0.0,0.0,0.0,0.0,0.0,0.0,0.0,0.0,0.0151344633102417,0.0,0.0,0.0,0.0,178
179,0.0,0.0,0.0,0.0,0.0752402866880099,0.0,0.0,0.0,0.0,0.0,0.0,0.0,0.0,0.0,0.0,0.0,0.0,0.0,0.0,0.0,0.16552698984742165,0.0,0.03664242600401243,0.0,0.0,0.0,0.0,179
180,0.0,0.0,0.0,0.0,0.2801747679710388,0.0,0.0,0.0,0.0,0.0,0.0,0.0,0.0,0.0,0.0,0.0,0.0,0.0,0.0,0.0,0.0,0.0,0.0,0.0,0.0,0.0,0.0,180
181,0.0,0.0,0.0,0.0,0.04047602053844568,0.0,0.0,0.0,0.0,0.0,0.0,0.0,0.0,0.0,0.0,0.0,0.0,0.0,0.0,0.0,0.05214196082317468,0.0,0.0,0.0,0.0,0.0,0.0,181
182,0.0,0.0,0.0,0.0,0.17964279651641846,0.0,0.0,0.0,0.0,0.0,0.0,0.0,0.0,0.0,0.0,0.0,0.0,0.0,0.0,0.0,0.04717990976792795,0.0,0.0,0.0,0.0,0.0,0.0,182
183,0.0,0.0,0.0,0.0,0.1496091430837458,0.0,0.0,0.0,0.0,0.0,0.016083484346216374,0.0,0.0,0.0,0.0,0.0,0.0,0.0,0.0,0.0,0.03233699229630557,0.0,0.05510143664750186,0.0,0.0,0.0,0.0,183
184,0.02991829626262188,0.0,0.0,0.0,0.17708050552755594,0.0,0.0,0.0,0.0,0.0,0.0,0.0,0.0,0.0,0.0,0.0,0.0,0.0,0.0,0.0,0.12899785954505205,0.0,0.0501075703650713,0.0,0.0,0.0,0.0,184
185,0.0,0.0,0.0,0.0,0.09736563544720411,0.0,0.0,0.0,0.0,0.0,0.0,0.0,0.0,0.0,0.0,0.0,0.0,0.0,0.0,0.0,0.0685010040178895,0.0,0.01539430022239685,0.0,0.0,0.0,0.0,185
186,0.012910172857087234,0.0,0.0,0.0,0.1368234712502052,0.0,0.0,0.0,0.012149554902109606,0.0,0.0,0.0,0.0,0.0,0.0,0.03285321490517978,0.0,0.0,0.0,0.0,0.04871790162448225,0.0,0.023249537780367095,0.0,0.0,0.0,0.0,186
187,0.0,0.0,0.0,0.0,0.10919562440652114,0.0,0.0,0.0,0.0,0.04975285896888146,0.0,0.0,0.0,0.0,0.0,0.0,0.0,0.0,0.0,0.0,0.03447271310366117,0.0,0.0,0.0,0.0,0.0,0.0,187
188,0.0,0.0,0.0,0.014712585556891656,0.08169343779163976,0.0,0.0,0.0,0.014545805031253446,0.0,0.0,0.0,0.0,0.0,0.0,0.0,0.0,0.0,0.0,0.0,0.0,0.0,0.010532777155599287,0.0,0.0,0.0,0.0,188
189,0.0,0.0,0.0,0.0,0.09163656085729599,0.0,0.0,0.0,0.012717997034390768,0.0,0.0,0.0,0.0,0.0,0.0,0.0,0.0,0.0,0.0,0.0,0.02998749166727066,0.0,0.020682929704586666,0.0,0.0,0.0,0.0,189
190,0.02230394124984741,0.0,0.0,0.0,0.08427775382995606,0.0,0.0,0.0,0.0,0.0,0.0,0.0,0.0,0.0,0.0,0.0,0.0,0.0,0.0,0.0,0.07765325307846069,0.0,0.023526263236999512,0.0,0.0,0.0,0.0,190
191,0.0,0.0,0.0,0.0,0.16512613177299498,0.0,0.0,0.0,0.0,0.01931553363800049,0.0,0.0,0.0,0.0,0.0,0.0,0.0,0.0,0.0,0.0,0.039296507835388184,0.0,0.030928187370300293,0.0,0.0,0.0,0.0,191
192,0.0,0.0,0.0,0.011163393966853619,0.16836387291550636,0.0,0.0,0.021455947309732437,0.0,0.0,0.030719105154275894,0.0,0.0,0.0,0.0,0.0,0.0,0.0,0.0,0.0,0.04424864985048771,0.0,0.030433394014835358,0.0,0.0,0.0,0.0,192
193,0.0,0.0,0.0,0.0,0.23819878250360488,0.0,0.0,0.0,0.0,0.0,0.0,0.0,0.0,0.0,0.0,0.0,0.0,0.0,0.0,0.0,0.0,0.0,0.0,0.0,0.0,0.0,0.0,193
194,0.0,0.0,0.0,0.0,0.1397592582200703,0.0,0.0,0.0,0.0,0.0,0.0,0.0,0.0,0.0,0.0,0.0,0.0,0.0,0.0,0.016639389489826403,0.0,0.0,0.016983231431559512,0.0,0.0,0.0,0.0,194
195,0.0,0.0,0.0,0.0,0.18489510279435378,0.01354691844720107,0.0,0.0,0.0,0.0,0.0,0.0,0.0,0.0,0.0,0.0,0.0,0.0,0.0,0.0,0.0533686658510795,0.0,0.015064710607895484,0.0,0.0,0.0,0.0,195
